DELETE FROM message_reads;
DELETE FROM conversation_participants;
DELETE FROM collection_notes;
DELETE FROM user_follows;
DELETE FROM user_bookmarks;
DELETE FROM reports;
DELETE FROM blog_reviews;
DELETE FROM note_reviews;
DELETE FROM site_analytics;
DELETE FROM user_analytics;
DELETE FROM notifications;
DELETE FROM purchases;
DELETE FROM transactions;
DELETE FROM messages;
DELETE FROM conversations;
DELETE FROM study_events;
DELETE FROM requests;
DELETE FROM opportunities;
DELETE FROM collections;
DELETE FROM blogs;
DELETE FROM notes;
DELETE FROM universities;
DELETE FROM users;
INSERT OR REPLACE INTO users (id, name, email, password, avatar, avatar_key, bio, university, location, wallet_balance, pending_balance, payout_schedule, payout_details, is_verified_educator, role, last_seen, show_last_seen, note_count, blog_count, hive_points, badges, created_at, updated_at) VALUES ('6999fc77ad89c11a7aa8b053', 'Admin', 'adityanain55@gmail.com', NULL, 'https://cdn.stuhive.in/avatars/6999fc77ad89c11a7aa8b053/1771856552942-avatar.webp', 'avatars/6999fc77ad89c11a7aa8b053/1771856552942-avatar.webp', 'Aditya Choudhary, Founder @ StuHive. Curating India''s largest decentralized archive of B.Tech study materials, DSA guides, and competitive exam bundles. Dedicated to democratizing education by providing students with top-tier handwritten PDFs, university PYQs, and expert roadmaps.', 'GNIOT, AKTU', 'Greater Noida, India', 0, 0, '[]', '{"upiId":"","bankName":"","accountNumber":"","ifscCode":""}', 0, 'admin', 1773250219, 1, 0, 3, 0, '{"list":[],"consistentLearner":{"earnedAt":null,"isActive":false}}', 1771699319, 1773250219);
INSERT OR REPLACE INTO users (id, name, email, password, avatar, avatar_key, bio, university, location, wallet_balance, pending_balance, payout_schedule, payout_details, is_verified_educator, role, last_seen, show_last_seen, note_count, blog_count, hive_points, badges, created_at, updated_at) VALUES ('69a6daaa66d3b8fcb2891b10', 'Veenus Kumar', 'veenuskumar196@gmail.com', NULL, 'https://lh3.googleusercontent.com/a/ACg8ocLbHx_-mLgWBg1NKXgcW4EnSf-4x27NCyAr3ESytY3Ja8DZ=s96-c', '', '', '', '', 0, 0, '[]', '{"upiId":"","bankName":"","accountNumber":"","ifscCode":""}', 0, 'user', 1772542634, 1, 0, 0, 0, '[]', 1772542634, 1772542634);
INSERT OR REPLACE INTO users (id, name, email, password, avatar, avatar_key, bio, university, location, wallet_balance, pending_balance, payout_schedule, payout_details, is_verified_educator, role, last_seen, show_last_seen, note_count, blog_count, hive_points, badges, created_at, updated_at) VALUES ('69a91c49023a20501dab0101', 'Srashti Rathi', 'srashtirathi22@gmail.com', NULL, 'https://lh3.googleusercontent.com/a/ACg8ocI8hmCq7VuEv6_gokSJofNIbBCOUpTv9g04LT91no-AJBPnKg=s96-c', '', '', '', '', 0, 0, '[]', '{"upiId":"","bankName":"","accountNumber":"","ifscCode":""}', 0, 'user', 1772690505, 1, 0, 0, 0, '[]', 1772690505, 1772871081);
INSERT OR REPLACE INTO users (id, name, email, password, avatar, avatar_key, bio, university, location, wallet_balance, pending_balance, payout_schedule, payout_details, is_verified_educator, role, last_seen, show_last_seen, note_count, blog_count, hive_points, badges, created_at, updated_at) VALUES ('699a063a4e77e5813c143ae9', 'Aadi Wrld', 'aadiwrld01@gmail.com', NULL, 'https://lh3.googleusercontent.com/a/ACg8ocLrvV9C38ixGhHiMFb6RmXgwcmeEqVmNnXKjqjvPLHFG7XfdPc=s96-c', '', 'Computer Science Student & Platform Admin at StuHive. I love writing about AI, algorithms, and building tech communities. Feel free to explore my premium DSA notes!', 'KIET Group of Institutions (AKTU)', 'Delhi NCR, India', 0, 0, '[]', '{"upiId":"","bankName":"","accountNumber":"","ifscCode":""}', 0, 'admin', 1773131124, 1, 3, 2, 37, '[]', 1771701818, 1773211776);
INSERT OR REPLACE INTO users (id, name, email, password, avatar, avatar_key, bio, university, location, wallet_balance, pending_balance, payout_schedule, payout_details, is_verified_educator, role, last_seen, show_last_seen, note_count, blog_count, hive_points, badges, created_at, updated_at) VALUES ('69a59b7149a8325ae36b3132', 'Lucky Malik', 'luckymalik23jnn@gmail.com', NULL, 'https://cdn.stuhive.in/avatars/69a59b7149a8325ae36b3132/1772461721248-avatar.webp', 'avatars/69a59b7149a8325ae36b3132/1772461721248-avatar.webp', 'Namsta jii', 'Apna ghr', 'Chandanhari', 0, 0, '[]', '{"upiId":"","bankName":"","accountNumber":"","ifscCode":""}', 0, 'admin', 1772467887, 1, 0, 1, 20, '[]', 1772460913, 1772808068);
INSERT OR REPLACE INTO users (id, name, email, password, avatar, avatar_key, bio, university, location, wallet_balance, pending_balance, payout_schedule, payout_details, is_verified_educator, role, last_seen, show_last_seen, note_count, blog_count, hive_points, badges, created_at, updated_at) VALUES ('6999f9d3ad6b48a9d9b2a70c', 'Sagar Choudhary', 'bavocor377@mvpmedix.com', '$2b$10$TpDklcNj43vm0L54eAu/aenyG8ZZSl.b9xBtHCPd6SQ08TVperF52', 'https://cdn.stuhive.in/avatars/6999f9d3ad6b48a9d9b2a70c/1771698671541-avatar.webp', 'avatars/6999f9d3ad6b48a9d9b2a70c/1771698671541-avatar.webp', 'Final year IT undergrad passionate about Web3, full-stack development, and open-source. Uploading all my semester notes here to help juniors out! 🚀', 'JSS Academy of Technical Education, Noida (AKTU)', 'Noida, India', 0, 0, '[]', '{"upiId":"","bankName":"","accountNumber":"","ifscCode":""}', 0, 'user', 1773074868, 1, 4, 0, 2, '{"list":[],"consistentLearner":{"isActive":false}}', 1771698643, 1773074868);
INSERT OR REPLACE INTO users (id, name, email, password, avatar, avatar_key, bio, university, location, wallet_balance, pending_balance, payout_schedule, payout_details, is_verified_educator, role, last_seen, show_last_seen, note_count, blog_count, hive_points, badges, created_at, updated_at) VALUES ('6999f5c97fd0a3284057c63d', 'Akshit Sharma', 'cehere3471@alibto.com', '$2b$10$dDV7EwlSQyixKy/WVC4WHOeM5CVQJobW.vebouYfaTAK5lnPX9k/.', 'https://cdn.stuhive.in/avatars/6999f5c97fd0a3284057c63d/1771697658967-avatar.webp', 'avatars/6999f5c97fd0a3284057c63d/1771697658967-avatar.webp', 'Computer Science (B.Tech) student at AKTU. Passionate about Artificial Intelligence, Machine Learning, and helping peers by sharing premium handwritten DSA and AI notes!', 'Dr. A.P.J. Abdul Kalam Technical University (AKTU)', 'Lucknow, India', 0, 0, '[]', '{"upiId":"","bankName":"","accountNumber":"","ifscCode":""}', 0, 'user', 1773074913, 1, 7, 0, 4, '{"list":[],"consistentLearner":{"earnedAt":null,"isActive":false}}', 1771697609, 1773074913);
INSERT OR REPLACE INTO users (id, name, email, password, avatar, avatar_key, bio, university, location, wallet_balance, pending_balance, payout_schedule, payout_details, is_verified_educator, role, last_seen, show_last_seen, note_count, blog_count, hive_points, badges, created_at, updated_at) VALUES ('69aafc9ea51d2ba093fe0daa', 'Anuruddha Kushwaha', 'anuruddhakushwaha50338@gmail.com', NULL, 'https://lh3.googleusercontent.com/a/ACg8ocJk9ReL_m6B0EqRsMOlC7pP0O5Q39jrMFfsMlnzmBUHIDLGLQ=s96-c', '', '', '', '', 0, 0, '[]', '{"upiId":"","bankName":"","accountNumber":"","ifscCode":""}', 0, 'user', 1772813571, 1, 0, 0, 0, '[]', 1772813470, 1773075392);
INSERT OR REPLACE INTO users (id, name, email, password, avatar, avatar_key, bio, university, location, wallet_balance, pending_balance, payout_schedule, payout_details, is_verified_educator, role, last_seen, show_last_seen, note_count, blog_count, hive_points, badges, created_at, updated_at) VALUES ('699b4b860c69efac7842364f', 'Aditya Choudhary', 'adityanain552@gmail.com', '$2b$10$bYf4CezGFjb59nqzutJqAuBQkA0kZjMz/IYGmgUlf0oHdfcn6s5xG', 'https://cdn.stuhive.in/avatars/699b4b860c69efac7842364f/1771792152509-avatar.webp', 'avatars/699b4b860c69efac7842364f/1771792152509-avatar.webp', 'Computer Science and Engineering student at gniot greater noida, Next Js, Mern developer, having multiple cloud skills, AWS, Azure,Google Cloud, SEO Optimzer, Java DSA, React Native, Expo Go', 'GNIOT', 'Greater Noida, India', 71.2, 39.2, '[{"amount":39.2,"availableDate":"2026-03-16T14:33:32.215Z","status":"pending","_id":"69aeda3cd3898922c788b2ff"}]', '{"upiId":"adityanian55@oksbi","bankName":"sbi","accountNumber":"87568586721487","ifscCode":"sbin0005382"}', 1, 'user', 1773166235, 1, 22, 8, 222, '[]', 1771785094, 1773255062);
INSERT OR REPLACE INTO users (id, name, email, password, avatar, avatar_key, bio, university, location, wallet_balance, pending_balance, payout_schedule, payout_details, is_verified_educator, role, last_seen, show_last_seen, note_count, blog_count, hive_points, badges, created_at, updated_at) VALUES ('6999f1a6335e35fbefd6dd9f', 'Akshita Chouhan', 'rovoray695@alibto.com', '$2b$10$M2ubkz0O0T1XZMT4mdDYzu..Rt/caN2n0AUMLxjUFYTpGXsworDqK', 'https://cdn.stuhive.in/avatars/6999f1a6335e35fbefd6dd9f/1771696670678-avatar.webp', 'avatars/6999f1a6335e35fbefd6dd9f/1771696670678-avatar.webp', 'Btech Computer Science student at Galgotias College Greater Noida', 'Galgotias', 'India,Greater Noida', 0, 0, '[]', '{"upiId":"rovoray695@alibto.com","bankName":"lksgl","accountNumber":"Akshita","ifscCode":"bhhbh2424"}', 1, 'user', 1773138787, 1, 6, 2, 82, '[]', 1771696550, 1773138787);
INSERT OR REPLACE INTO users (id, name, email, password, avatar, avatar_key, bio, university, location, wallet_balance, pending_balance, payout_schedule, payout_details, is_verified_educator, role, last_seen, show_last_seen, note_count, blog_count, hive_points, badges, created_at, updated_at) VALUES ('699b41fb343a35a525f5c033', 'Ankush Nandal', 'hiloye5149@advarm.com', '$2b$10$MI8muDaVPfSaiJTKRtqtz.bFw6x4TkbGbtu06s4WrsXZnxEt8iAPm', 'https://cdn.stuhive.in/avatars/699b41fb343a35a525f5c033/1771784782487-avatar.webp', 'avatars/699b41fb343a35a525f5c033/1771784782487-avatar.webp', 'Computer Science student passionate about AI, cloud computing, and academic collaboration. I love writing about artificial intelligence, simplifying complex concepts, and sharing my notes to help peers ace their exams. Based in [Meerut, India].', 'Choudhary Charan Singh University(CCSU)', 'Meerut,India', 0, 0, '[]', '{"upiId":"","bankName":"","accountNumber":"","ifscCode":""}', 1, 'user', 1772215120, 1, 5, 1, 26, '{"list":[],"consistentLearner":{"isActive":false}}', 1771782651, 1772972716);
INSERT OR REPLACE INTO users (id, name, email, password, avatar, avatar_key, bio, university, location, wallet_balance, pending_balance, payout_schedule, payout_details, is_verified_educator, role, last_seen, show_last_seen, note_count, blog_count, hive_points, badges, created_at, updated_at) VALUES ('699c8264f81f72bb6648c4cc', 'Avinash Mishra', 'bewovad920@dolofan.com', '$2b$10$vixfnZi5DbqeZgMwm2PavO/PnaWA5qm5Tn4dpNy97RUQhjhAGThXm', 'https://cdn.stuhive.in/avatars/699c8264f81f72bb6648c4cc/1771865080710-avatar.webp', 'avatars/699c8264f81f72bb6648c4cc/1771865080710-avatar.webp', 'Artificial Intelligence And Machine Learning (AIML), 2nd year, Python, Data Science, Machin Learning, DSA enthusiastic, C# developer', 'Galgotias University', 'Delhi,India', 0, 0, '[]', '{"upiId":"","bankName":"","accountNumber":"","ifscCode":""}', 0, 'user', 1772467051, 1, 0, 2, 0, '[]', 1771864676, 1772467051);
INSERT OR REPLACE INTO users (id, name, email, password, avatar, avatar_key, bio, university, location, wallet_balance, pending_balance, payout_schedule, payout_details, is_verified_educator, role, last_seen, show_last_seen, note_count, blog_count, hive_points, badges, created_at, updated_at) VALUES ('69a6e64549da31c328ed528b', 'crazy gamers', 'us66304@gmail.com', NULL, 'https://lh3.googleusercontent.com/a/ACg8ocIrYLGBZyadstr1-1MWhbY6yWVob2mAk_y4vKjcb5hda2wVGq9i=s96-c', '', '', '', '', 0, 0, '[]', '{"upiId":"","bankName":"","accountNumber":"","ifscCode":""}', 0, 'user', 1772552614, 1, 0, 0, 0, '[]', 1772545605, 1772552614);
INSERT OR REPLACE INTO users (id, name, email, password, avatar, avatar_key, bio, university, location, wallet_balance, pending_balance, payout_schedule, payout_details, is_verified_educator, role, last_seen, show_last_seen, note_count, blog_count, hive_points, badges, created_at, updated_at) VALUES ('69a5b515c402cb76b4590931', 'Lucky ', 'appliancesmart50@gmail.com', NULL, 'https://cdn.stuhive.in/avatars/69a5b515c402cb76b4590931/1772468163292-avatar.webp', 'avatars/69a5b515c402cb76b4590931/1772468163292-avatar.webp', '', '', '', 0, 0, '[]', '{"upiId":"","bankName":"","accountNumber":"","ifscCode":""}', 0, 'user', 1773190312, 1, 0, 1, 20, '[]', 1772467477, 1773190312);
INSERT OR REPLACE INTO users (id, name, email, password, avatar, avatar_key, bio, university, location, wallet_balance, pending_balance, payout_schedule, payout_details, is_verified_educator, role, last_seen, show_last_seen, note_count, blog_count, hive_points, badges, created_at, updated_at) VALUES ('6999fe84ad6b48a9d9b2a766', 'Aakriti Gupta', 'wegad60983@alibto.com', '$2b$10$vMJ5bvQGVM.k9HBS8voqAu5fWve5CNoyUGNDE33vKUcPz1D8EXys2', 'https://cdn.stuhive.in/avatars/6999fe84ad6b48a9d9b2a766/1771700055446-avatar.webp', 'avatars/6999fe84ad6b48a9d9b2a766/1771700055446-avatar.webp', 'Computer Science and Engineering (Btech) Student at Meerut Institute of Engineering and Technology (MIET), Meerut, proficiency in Machine Learning, Python, Deep Learning', 'Meerut Institute of Engineering and Technology (MIET)', 'Meerut,India', 0, 0, '[]', '{"upiId":"","bankName":"","accountNumber":"","ifscCode":""}', 0, 'user', 1773074883, 1, 8, 1, 62, '[]', 1771699844, 1773244585);
INSERT OR REPLACE INTO universities (id, name, slug, description, logo, cover_image, location, website, meta_title, meta_description, keywords, is_active, created_at, updated_at) VALUES ('69ad7f18b0b96859df03cea0', 'Aktu', 'aktu', 'Welcome to the dedicated Dr. A.P.J. Abdul Kalam Technical University (AKTU) Academic Hub. This portal is specifically designed for students across all AKTU affiliated colleges in Uttar Pradesh.

Access a comprehensive library of handwritten B.Tech notes, Quantum series summaries, and AKTU Previous Year Question Papers (PYQs). Whether you are studying for the first-year common subjects or specialized engineering branches like CSE, IT, ME, or ECE, our community-driven repository ensures you have the latest syllabus-aligned materials to excel in your end-semester examinations.', 'https://cdn.stuhive.in/universities/logos/1772982997009-logo.webp', 'https://cdn.stuhive.in/universities/covers/1772983001421-cover.webp', 'Lucknow, Uttar Pradesh', 'https://aktu.ac.in', 'AKTU Notes, PYQs & B.Tech Study Material | StuHive Hub', 'Download AKTU semester notes, previous year question papers (PYQs), and handwritten study material for B.Tech, MBA, and MCA. Verified resources for all AKTU affiliated colleges.', '[]', 1, 1772977969, 1772983006);
INSERT OR REPLACE INTO universities (id, name, slug, description, logo, cover_image, location, website, meta_title, meta_description, keywords, is_active, created_at, updated_at) VALUES ('69ad93a200b8632def05b531', 'Galgotias University', 'galgotias-university', 'Welcome to the official Galgotias University (GU) Academic Hub on StuHive. This specialized portal is the central repository for students across all schools, including Computing Science & Engineering, Business, and Law.

Explore a vast collection of semester-wise handwritten notes, official GU model papers, and Previous Year Question Papers (PYQs). Our community-driven archive is designed to help students stay ahead of the syllabus and prepare effectively for mid-term and end-term examinations with verified resources.', 'https://cdn.stuhive.in/universities/logos/1772983093532-logo.webp', 'https://cdn.stuhive.in/universities/covers/1772983100180-cover.webp', 'Greater Noida, Uttar Pradesh', 'https://www.galgotiasuniversity.edu.in', 'Galgotias University Notes, PYQs & Study Material | StuHive Hub', 'Access handwritten notes, previous year question papers (PYQs), and exam resources for Galgotias University (GU). Download B.Tech, MBA, and Law study materials curated by students.', '[]', 1, 1772983201, 1772983201);
INSERT OR REPLACE INTO notes (id, title, slug, category, is_paid, price, preview_pages, is_archived, sales_count, description, university, course, subject, year, file_name, file_type, file_size, file_key, thumbnail_key, preview_key, file_path, user_id, rating, num_reviews, download_count, view_count, is_featured, created_at, updated_at) VALUES ('6999f4fa09d00ac688e7fdf2', 'Html form | Html Basics | Html simple forms | html simple notes', 'html-form-html-basics-html-simple-forms-html-simple-notes-3802', 'University', 0, 0, 3, 0, 0, 'Html form | Html Basics | Html simple forms | html simple notes html bascics for beginer with examples', 'Aktu', 'Btech Cse', 'Web development', '2', 'cvwh9vbo0qujfn5bnsze.pdf', 'application/pdf', 220373, 'notes/6999f1a6335e35fbefd6dd9f/1771697400800-76e505c1-cvwh9vbo0qujfn5bnsze.pdf', 'thumbnails/6999f1a6335e35fbefd6dd9f/1771697400800-76e505c1-thumb.webp', NULL, NULL, '6999f1a6335e35fbefd6dd9f', 0, 0, 3, 13, 0, 1771697402, 1772214050);
INSERT OR REPLACE INTO notes (id, title, slug, category, is_paid, price, preview_pages, is_archived, sales_count, description, university, course, subject, year, file_name, file_type, file_size, file_key, thumbnail_key, preview_key, file_path, user_id, rating, num_reviews, download_count, view_count, is_featured, created_at, updated_at) VALUES ('6999f53809d00ac688e7fe08', 'Css selector | css notes | css basics notes | css selectors notes', 'css-selector-css-notes-css-basics-notes-css-selectors-notes-8199', 'University', 0, 0, 3, 0, 0, 'CSS Selectors Notes (Web Development Basics) Covers element, class, ID, attribute, pseudo‑class, and pseudo‑element selectors with examples for styling and targeting HTML elements efficiently.', 'Aktu', 'Btech cse', 'Web development', '2', 'lslrdragwojl8fcv4d2u.pdf', 'application/pdf', 395917, 'notes/6999f1a6335e35fbefd6dd9f/1771697462121-8c7c9abe-lslrdragwojl8fcv4d2u.pdf', 'thumbnails/6999f1a6335e35fbefd6dd9f/1771697462121-8c7c9abe-thumb.webp', NULL, NULL, '6999f1a6335e35fbefd6dd9f', 0, 0, 0, 11, 0, 1771697464, 1772759681);
INSERT OR REPLACE INTO notes (id, title, slug, category, is_paid, price, preview_pages, is_archived, sales_count, description, university, course, subject, year, file_name, file_type, file_size, file_key, thumbnail_key, preview_key, file_path, user_id, rating, num_reviews, download_count, view_count, is_featured, created_at, updated_at) VALUES ('699c4da9a65f2d80ff15e6fb', 'Renewable Energy Resources (RER) Unit 4 Notes | AKTU B.Tech CSE 4th Year', 'renewable-energy-resources-rer-unit-4-notes-aktu-b-tech-cse-4th-year-8475', 'University', 0, 0, 3, 0, 0, 'Unit 4 of Renewable Energy Resources (RER) highlights energy storage systems and grid integration. It explains battery technologies, pumped hydro storage, and smart grid concepts, emphasizing how renewable energy can be efficiently managed and distributed. These notes are structured for AKTU B.Tech CSE (4th year) students, supporting both conceptual clarity and exam preparation.', 'Aktu', 'Btech Cse', 'Renewable Energy Resources (RER)', '4', 'RER-Unit-4-By-Multiatoms_compressed.pdf', 'application/pdf', 6085722, 'notes/699b41fb343a35a525f5c033/1771851174575-5bf51991-RER_Unit_4_By_Multiatoms_compressed.pdf', 'thumbnails/699b41fb343a35a525f5c033/1771851174575-5bf51991-thumb.webp', NULL, NULL, '699b41fb343a35a525f5c033', 0, 0, 0, 21, 0, 1771851177, 1772971715);
INSERT OR REPLACE INTO notes (id, title, slug, category, is_paid, price, preview_pages, is_archived, sales_count, description, university, course, subject, year, file_name, file_type, file_size, file_key, thumbnail_key, preview_key, file_path, user_id, rating, num_reviews, download_count, view_count, is_featured, created_at, updated_at) VALUES ('699d79bec2f7a122b459d027', 'Data Structure and Algorithms (DSA) unit 1 notes | master dsa | array | linked list | Searching | Asymptotic Notations', 'data-structure-and-algorithms-dsa-unit-1-notes-master-dsa-array-linked-list-searching-asymptotic-notations-9967', 'University', 1, 49, 3, 0, 0, 'MASTERING DATASTRUCTURES &ALGORITHMS.
1. Introduction: Terminology & Data Types
2. Algorithm & Efficiency
3. Asymptotic Notations
4. Abstract Data Types (ADT)
5. Arrays: Representation & Formulas
6. Linked Lists: Implementation & Operations', 'Galgotias University', 'Btech Cse,  AIML, DS, Design, AI', 'Data Structure and Algorithms (DSA)', '2', 'Comprehensive Data Structures and Searching Algorithms Textbook_watermark.pdf', 'application/pdf', 2669270, 'notes/699b4b860c69efac7842364f/1771927993337-e150fd94-Comprehensive_Data_Structures_and_Searching_Algorithms_Textbook_watermark.pdf', 'thumbnails/699b4b860c69efac7842364f/1771927993337-e150fd94-thumb.webp', NULL, NULL, '699b4b860c69efac7842364f', 5, 1, 0, 75, 1, 1771927998, 1773279220);
INSERT OR REPLACE INTO notes (id, title, slug, category, is_paid, price, preview_pages, is_archived, sales_count, description, university, course, subject, year, file_name, file_type, file_size, file_key, thumbnail_key, preview_key, file_path, user_id, rating, num_reviews, download_count, view_count, is_featured, created_at, updated_at) VALUES ('6999f915b6b407b2a41543b4', 'AWS | Vpc Setup', 'aws-vpc-setup-7047', 'University', 0, 0, 3, 0, 0, 'AWS VPC Setup Notes (Cloud Computing) Step‑by‑step guide covering Virtual Private Cloud basics, subnets, route tables, internet gateways, NAT gateways, security groups, and best practices for networking in AWS.', 'Aktu', 'Btech Cse', 'AWS | Amazon Web Services', '4', 'VPC Setup-1753497396772.pdf', 'application/pdf', 30689, 'notes/6999f5c97fd0a3284057c63d/1771698451261-8e033c33-VPC_Setup_1753497396772.pdf', 'thumbnails/6999f5c97fd0a3284057c63d/1771698451261-8e033c33-thumb.webp', NULL, NULL, '6999f5c97fd0a3284057c63d', 0, 0, 0, 7, 0, 1771698453, 1772707152);
INSERT OR REPLACE INTO notes (id, title, slug, category, is_paid, price, preview_pages, is_archived, sales_count, description, university, course, subject, year, file_name, file_type, file_size, file_key, thumbnail_key, preview_key, file_path, user_id, rating, num_reviews, download_count, view_count, is_featured, created_at, updated_at) VALUES ('6999fb6cc34ee076e3f57b39', 'TAFL Unit 5 Turing Macchine | tafl notes unit 5', 'tafl-unit-5-turing-macchine-tafl-notes-unit-5-6344', 'University', 0, 0, 3, 0, 0, 'Theory of Automata & Formal Languages (TAFL) Notes – Unit 5 (AKTU B.Tech CSE) Covers Turing machine concepts, types (deterministic, non‑deterministic), design examples, applications, decidability, and computational limits in automata theory.', 'Aktu', 'Btech Cse', 'Theory of Automata & Formal Languages (TAFL)', '2', 'lxmh42vaxox6d8clbd0y.pdf', 'application/pdf', 9828348, 'notes/6999f9d3ad6b48a9d9b2a70c/1771699049671-e7ebb593-lxmh42vaxox6d8clbd0y.pdf', 'thumbnails/6999f9d3ad6b48a9d9b2a70c/1771699049671-e7ebb593-thumb.webp', NULL, NULL, '6999f9d3ad6b48a9d9b2a70c', 0, 0, 1, 22, 0, 1771699052, 1773204615);
INSERT OR REPLACE INTO notes (id, title, slug, category, is_paid, price, preview_pages, is_archived, sales_count, description, university, course, subject, year, file_name, file_type, file_size, file_key, thumbnail_key, preview_key, file_path, user_id, rating, num_reviews, download_count, view_count, is_featured, created_at, updated_at) VALUES ('6999fab1c34ee076e3f57b19', 'Energy Science Unit 2 | energy science notes', 'energy-science-unit-2-energy-science-notes-4183', 'University', 0, 0, 3, 0, 0, 'Energy Science Notes – Unit 2 (AKTU B.Tech CSE, 3rd Year) Covers conventional and non‑conventional energy sources, solar and wind energy systems, biomass, geothermal, hydropower, and their applications in sustainable development.', 'Aktu', 'Btech Cse', 'Energy Science', '3', 'fugmv6htlpqypux8kcor.pdf', 'application/pdf', 1182438, 'notes/6999f9d3ad6b48a9d9b2a70c/1771698863629-fd632bff-fugmv6htlpqypux8kcor.pdf', 'thumbnails/6999f9d3ad6b48a9d9b2a70c/1771698863629-fd632bff-thumb.webp', NULL, NULL, '6999f9d3ad6b48a9d9b2a70c', 0, 0, 0, 12, 0, 1771698865, 1772360616);
INSERT OR REPLACE INTO notes (id, title, slug, category, is_paid, price, preview_pages, is_archived, sales_count, description, university, course, subject, year, file_name, file_type, file_size, file_key, thumbnail_key, preview_key, file_path, user_id, rating, num_reviews, download_count, view_count, is_featured, created_at, updated_at) VALUES ('6999fb0f713a33e77d30296c', 'Energy Science Unit 1', 'energy-science-unit-1-3558', 'University', 0, 0, 3, 0, 0, 'Energy Science Notes – Unit 1 (AKTU B.Tech CSE, 3rd Year) Covers fundamentals of energy sources, conversion, conservation, renewable vs. non‑renewable energy, and basic principles of sustainable energy systems.', 'Aktu', 'Btech Cse', 'Energy Science', '3', 'ptych0rixewqmhn6gw8q.pdf', 'application/pdf', 2116486, 'notes/6999f9d3ad6b48a9d9b2a70c/1771698957774-55d3c00a-ptych0rixewqmhn6gw8q.pdf', 'thumbnails/6999f9d3ad6b48a9d9b2a70c/1771698957774-55d3c00a-thumb.webp', NULL, NULL, '6999f9d3ad6b48a9d9b2a70c', 0, 0, 0, 7, 0, 1771698959, 1772213679);
INSERT OR REPLACE INTO notes (id, title, slug, category, is_paid, price, preview_pages, is_archived, sales_count, description, university, course, subject, year, file_name, file_type, file_size, file_key, thumbnail_key, preview_key, file_path, user_id, rating, num_reviews, download_count, view_count, is_featured, created_at, updated_at) VALUES ('6999f708d41f6347dbc0fd5a', 'Ai unit 2 notes | Ai notes unit 2 btech cse aktu | E.I.O.V | Artificial Intelligence notes unit 2 | by engineering in one video | A.I', 'ai-unit-2-notes-ai-notes-unit-2-btech-cse-aktu-e-i-o-v-artificial-intelligence-notes-unit-2-by-engineering-in-one-video-a-i-7285', 'University', 0, 0, 3, 0, 0, 'ai notes , unit 2 aktu university, EIOV, Gniot', 'Aktu', 'Btech Cse', 'Artificial Intelligence (Ai)', '4', 'AI Unit 2 Notes-1765616620663.pdf', 'application/pdf', 4426719, 'notes/6999f5c97fd0a3284057c63d/1771697925732-60ee79e8-AI_Unit_2_Notes_1765616620663.pdf', 'thumbnails/6999f5c97fd0a3284057c63d/1771697925732-60ee79e8-thumb.webp', NULL, NULL, '6999f5c97fd0a3284057c63d', 0, 0, 2, 36, 0, 1771697928, 1773240778);
INSERT OR REPLACE INTO notes (id, title, slug, category, is_paid, price, preview_pages, is_archived, sales_count, description, university, course, subject, year, file_name, file_type, file_size, file_key, thumbnail_key, preview_key, file_path, user_id, rating, num_reviews, download_count, view_count, is_featured, created_at, updated_at) VALUES ('6999f8d1d41f6347dbc0fd89', 'Cloud Computing Unit 1 | cloud computing unit by brevi learning', 'cloud-computing-unit-1-cloud-computing-unit-by-brevi-learning-8139', 'University', 0, 0, 3, 0, 0, 'cloud computing aktu notes for btech cse 4th year 7th sem, brevi learning', 'Aktu', 'Btech Cse', 'Cloud Computing', '4', 'Cloud Computing Unit 1 (Brevi Learning)-1762663975324.pdf', 'application/pdf', 1015198, 'notes/6999f5c97fd0a3284057c63d/1771698383571-a71ce317-Cloud_Computing_Unit_1__Brevi_Learning__1762663975324.pdf', 'thumbnails/6999f5c97fd0a3284057c63d/1771698383571-a71ce317-thumb.webp', NULL, NULL, '6999f5c97fd0a3284057c63d', 0, 0, 0, 12, 0, 1771698385, 1773115627);
INSERT OR REPLACE INTO notes (id, title, slug, category, is_paid, price, preview_pages, is_archived, sales_count, description, university, course, subject, year, file_name, file_type, file_size, file_key, thumbnail_key, preview_key, file_path, user_id, rating, num_reviews, download_count, view_count, is_featured, created_at, updated_at) VALUES ('69aee9b9dc3ea113a1182b56', 'AKTU DBMS Unit 2 Notes: Relational Data Model & SQL | B.Tech CSE', 'aktu-dbms-unit-2-notes-relational-data-model-sql-b-tech-cse-7599', 'University', 1, 19, 3, 0, 0, 'Complete study material for AKTU B.Tech CSE DBMS Unit 2. Clearly explains Relational Algebra operations, Relational Calculus (Tuple & Domain), comprehensive SQL queries, DDL, DML, DCL, integrity constraints, triggers, and views. Optimized for practical understanding and exam revision.', 'Aktu', 'Btech Cse', 'Database Management System (DBMS)', '3rd Year / 5th Semester', 'DBMS-Unit-2-Notes-By-Multi-Atoms-Plus-compressed.pdf', 'application/pdf', 3443275, 'notes/699b4b860c69efac7842364f/1773070770934-aa2978a3-DBMS_Unit_2_Notes_By_Multi_Atoms_Plus_compressed.pdf', 'thumbnails/699b4b860c69efac7842364f/1773070770934-aa2978a3-thumb.webp', 'previews/699b4b860c69efac7842364f/1773070770934-aa2978a3-preview.pdf', NULL, '699b4b860c69efac7842364f', 0, 0, 0, 7, 0, 1773070777, 1773163111);
INSERT OR REPLACE INTO notes (id, title, slug, category, is_paid, price, preview_pages, is_archived, sales_count, description, university, course, subject, year, file_name, file_type, file_size, file_key, thumbnail_key, preview_key, file_path, user_id, rating, num_reviews, download_count, view_count, is_featured, created_at, updated_at) VALUES ('69aeea49f31e9a042694475b', 'AKTU DBMS Unit 4 Notes: Transaction Processing & Serializability | B.Tech CSE', 'aktu-dbms-unit-4-notes-transaction-processing-serializability-b-tech-cse-5547', 'University', 1, 19, 3, 0, 0, 'High-quality notes for AKTU B.Tech CSE DBMS Unit 4. Deep dive into Transaction system concepts, execution states, ACID properties, schedule types, conflict and view serializability, testing for serializability, and recoverability. Designed to help you tackle tough theoretical questions.', 'Aktu', 'Btech Cse', 'Database Management System (DBMS)', '3rd Year / 5th Semester', 'DBMS-Unit-4-Notes-By-MultiAtomsPlus-compressed.pdf', 'application/pdf', 1522126, 'notes/699b4b860c69efac7842364f/1773070917177-1ca1982b-DBMS_Unit_4_Notes_By_MultiAtomsPlus_compressed.pdf', 'thumbnails/699b4b860c69efac7842364f/1773070917177-1ca1982b-thumb.webp', 'previews/699b4b860c69efac7842364f/1773070917177-1ca1982b-preview.pdf', NULL, '699b4b860c69efac7842364f', 0, 0, 0, 4, 0, 1773070921, 1773089543);
INSERT OR REPLACE INTO notes (id, title, slug, category, is_paid, price, preview_pages, is_archived, sales_count, description, university, course, subject, year, file_name, file_type, file_size, file_key, thumbnail_key, preview_key, file_path, user_id, rating, num_reviews, download_count, view_count, is_featured, created_at, updated_at) VALUES ('6999f994b6b407b2a41543e0', 'Css selector | css notes | css basics notes | css selectors notes', 'css-selector-css-notes-css-basics-notes-css-selectors-notes-2789', 'University', 0, 0, 0, 0, 0, 'CSS Selectors Notes (Web Development Basics) Covers element, class, ID, attribute, pseudo‑class, and pseudo‑element selectors with examples for styling and targeting HTML elements efficiently.', 'Aktu', 'Btech Cse', 'Web Development', '2', 'lslrdragwojl8fcv4d2u (1).pdf', 'application/pdf', 395917, 'notes/6999f5c97fd0a3284057c63d/1773074009095-babdda6c-lslrdragwojl8fcv4d2u__1_.pdf', 'thumbnails/6999f5c97fd0a3284057c63d/1773074009095-babdda6c-thumb.webp', NULL, NULL, '6999f5c97fd0a3284057c63d', 0, 0, 1, 14, 0, 1771698580, 1773074014);
INSERT OR REPLACE INTO notes (id, title, slug, category, is_paid, price, preview_pages, is_archived, sales_count, description, university, course, subject, year, file_name, file_type, file_size, file_key, thumbnail_key, preview_key, file_path, user_id, rating, num_reviews, download_count, view_count, is_featured, created_at, updated_at) VALUES ('6999ffe13249f62efc01b8cf', 'TAFL Unit 2 | tafl unit 2 notes | simple | btech cse', 'tafl-unit-2-tafl-unit-2-notes-simple-btech-cse-4057', 'University', 0, 0, 3, 0, 0, 'Theory of Automata & Formal Languages (TAFL) Notes – Unit 2 (AKTU B.Tech CSE) Covers finite automata (DFA, NFA), regular expressions, equivalence, conversion techniques, and applications of regular languages in computation.', 'Aktu', 'Btech Cse', 'Theory of Automata & Formal Languages (TAFL)', '2', 'q52it87khagkzjnfdhta.pdf', 'application/pdf', 3951544, 'notes/6999fe84ad6b48a9d9b2a766/1771700190804-172f9888-q52it87khagkzjnfdhta.pdf', 'thumbnails/6999fe84ad6b48a9d9b2a766/1771700190804-172f9888-thumb.webp', NULL, NULL, '6999fe84ad6b48a9d9b2a766', 0, 0, 0, 6, 0, 1771700193, 1772439914);
INSERT OR REPLACE INTO notes (id, title, slug, category, is_paid, price, preview_pages, is_archived, sales_count, description, university, course, subject, year, file_name, file_type, file_size, file_key, thumbnail_key, preview_key, file_path, user_id, rating, num_reviews, download_count, view_count, is_featured, created_at, updated_at) VALUES ('699b6815abea6d3736f57d4a', 'Constitution of India notes | COI all unit notes aktu btech', 'constitution-of-india-notes-coi-all-unit-notes-aktu-btech-8546', 'University', 0, 0, 3, 0, 0, 'Comprehensive AKTU notes for COI (BNC501/601) covering the Indian Constitution, Fundamental Rights, Parliamentary/Federal systems, and Judiciary. It includes essential legal frameworks for engineers, such as the Companies Act 2013, Contract Law, and the implementation of E-Governance.', 'Aktu', 'Btech Cse', 'Constitution of India (COI)', '3', 'COI All 5 Units.pdf', 'application/pdf', 1394839, 'notes/699b4b860c69efac7842364f/1771792402670-2ae572bc-COI_All_5_Units.pdf', 'thumbnails/699b4b860c69efac7842364f/1771792402670-2ae572bc-thumb.webp', NULL, NULL, '699b4b860c69efac7842364f', 0, 0, 1, 32, 0, 1771792405, 1772935824);
INSERT OR REPLACE INTO notes (id, title, slug, category, is_paid, price, preview_pages, is_archived, sales_count, description, university, course, subject, year, file_name, file_type, file_size, file_key, thumbnail_key, preview_key, file_path, user_id, rating, num_reviews, download_count, view_count, is_featured, created_at, updated_at) VALUES ('699a059156f7f5e5446c5142', 'PPS Unit 4 | pps unit 4 notes | unit 4 | pps simple notes', 'pps-unit-4-pps-unit-4-notes-unit-4-pps-simple-notes-1140', 'University', 0, 0, 3, 0, 0, 'Programming for Problem Solving (PPS) Notes – Unit 4 (AKTU B.Tech CSE) Covers functions in C, parameter passing, recursion, storage classes, and modular programming concepts with clear, exam‑oriented explanations.', 'Aktu', 'Btech Cse', 'Programming for Problem Solving (PPS)', '1', 'PowerPoint Presentation.pdf', 'application/pdf', 1028095, 'notes/6999d98564ecd2faa0f8d861/1771701647011-59dd1c36-PowerPoint_Presentation.pdf', 'thumbnails/6999d98564ecd2faa0f8d861/1771701647011-59dd1c36-thumb.webp', NULL, NULL, '699a063a4e77e5813c143ae9', 0, 0, 0, 13, 0, 1771701649, 1773247292);
INSERT OR REPLACE INTO notes (id, title, slug, category, is_paid, price, preview_pages, is_archived, sales_count, description, university, course, subject, year, file_name, file_type, file_size, file_key, thumbnail_key, preview_key, file_path, user_id, rating, num_reviews, download_count, view_count, is_featured, created_at, updated_at) VALUES ('699a02b756f7f5e5446c50f1', 'DSA 50 problem with solution | DSA Problems with Solutions (Placement Prep)', 'dsa-50-problem-with-solution-dsa-problems-with-solutions-placement-prep-3555', 'University', 0, 0, 3, 0, 0, 'DSA 50 Problems with Solutions (Placement Prep) Covers frequently asked coding and data structures problems with step‑by‑step solutions, tailored for TCS, Wipro, Infosys, Accenture, and IBM interview preparation.', 'Aktu', 'Btech Cse', 'Data Structure And Algorithms (DSA)', '4', 'z9kquhibq9axkntzj7ga.pdf', 'application/pdf', 366712, 'notes/6999fe84ad6b48a9d9b2a766/1771700918051-f14d1a84-z9kquhibq9axkntzj7ga.pdf', 'thumbnails/6999fe84ad6b48a9d9b2a766/1771700918051-f14d1a84-thumb.webp', NULL, NULL, '6999fe84ad6b48a9d9b2a766', 0, 0, 0, 6, 0, 1771700919, 1772990942);
INSERT OR REPLACE INTO notes (id, title, slug, category, is_paid, price, preview_pages, is_archived, sales_count, description, university, course, subject, year, file_name, file_type, file_size, file_key, thumbnail_key, preview_key, file_path, user_id, rating, num_reviews, download_count, view_count, is_featured, created_at, updated_at) VALUES ('699a02fdaedf1b5a7ba0e976', 'Html form | Html Basics | Html simple forms | html simple notes', 'html-form-html-basics-html-simple-forms-html-simple-notes-7323', 'University', 0, 0, 3, 0, 0, 'Html form | Html Basics | Html simple forms | html simple notes html bascics for beginer with examples', 'Aktu', 'Btech Cse', 'Web Development', '2', 'cvwh9vbo0qujfn5bnsze (1).pdf', 'application/pdf', 220373, 'notes/6999fe84ad6b48a9d9b2a766/1771700987845-cfe8d369-cvwh9vbo0qujfn5bnsze__1_.pdf', 'thumbnails/6999fe84ad6b48a9d9b2a766/1771700987845-cfe8d369-thumb.webp', NULL, NULL, '6999fe84ad6b48a9d9b2a766', 0, 0, 0, 8, 0, 1771700989, 1772833482);
INSERT OR REPLACE INTO notes (id, title, slug, category, is_paid, price, preview_pages, is_archived, sales_count, description, university, course, subject, year, file_name, file_type, file_size, file_key, thumbnail_key, preview_key, file_path, user_id, rating, num_reviews, download_count, view_count, is_featured, created_at, updated_at) VALUES ('699b73932aa3775bfa3390af', 'Deep learning unit  2 notes |deep learning simple  aktu btech notes', 'deep-learning-unit-2-notes-deep-learning-simple-aktu-btech-notes-5563', 'University', 0, 0, 3, 0, 0, 'Deep learning unit 2 notes |deep learning simple  to score High in less time specially for aktu btech  7th sem', 'Aktu', 'Btech Cse', 'Deep Learning (DL)', '4', 'deep learning unit 2.pdf', 'application/pdf', 3300256, 'notes/699b4b860c69efac7842364f/1771795345490-b3ef352c-deep_learning_unit_2.pdf', 'thumbnails/699b4b860c69efac7842364f/1771795345490-b3ef352c-thumb.webp', NULL, NULL, '699b4b860c69efac7842364f', 0, 0, 0, 32, 0, 1771795347, 1772984581);
INSERT OR REPLACE INTO notes (id, title, slug, category, is_paid, price, preview_pages, is_archived, sales_count, description, university, course, subject, year, file_name, file_type, file_size, file_key, thumbnail_key, preview_key, file_path, user_id, rating, num_reviews, download_count, view_count, is_featured, created_at, updated_at) VALUES ('699a06756f0d61dab467b97f', 'PPS Unit 1 |pps notes unit 1 | pps simple | aktu btech cse', 'pps-unit-1-pps-notes-unit-1-pps-simple-aktu-btech-cse-7907', 'University', 0, 0, 3, 0, 0, 'Programming for Problem Solving (PPS) Notes – Unit 1 (AKTU B.Tech CSE) Covers introduction to C programming, structure of a C program, basic syntax, variables, data types, operators, and foundational concepts for problem solving.', 'Aktu', 'Btech Cse', 'Programming for Problem Solving (PPS)', '1', 'PowerPoint Presentation.pdf', 'application/pdf', 2003683, 'notes/699a063a4e77e5813c143ae9/1771701874941-ef28a380-PowerPoint_Presentation.pdf', 'thumbnails/699a063a4e77e5813c143ae9/1771701874941-ef28a380-thumb.webp', NULL, NULL, '699a063a4e77e5813c143ae9', 0, 0, 4, 34, 0, 1771701877, 1773243426);
INSERT OR REPLACE INTO notes (id, title, slug, category, is_paid, price, preview_pages, is_archived, sales_count, description, university, course, subject, year, file_name, file_type, file_size, file_key, thumbnail_key, preview_key, file_path, user_id, rating, num_reviews, download_count, view_count, is_featured, created_at, updated_at) VALUES ('699a06c2775428288ef6ea84', 'OOPS With Java All Unit | oops notes | java notes | all unit | aktu btech cse', 'oops-with-java-all-unit-oops-notes-java-notes-all-unit-aktu-btech-cse-8305', 'University', 0, 0, 3, 0, 0, 'OOPS with Java Notes – All Units (AKTU B.Tech CSE) Complete exam‑oriented notes covering object‑oriented concepts, classes & objects, inheritance, polymorphism, abstraction, encapsulation, interfaces, exception handling, and Java programming examples.', 'Aktu', 'Btech Cse', 'OOPS With Java (Java)', '2', 'OOPS WITH JAVA.pdf', 'application/pdf', 7053489, 'notes/699a063a4e77e5813c143ae9/1771701948659-944ec4b3-OOPS_WITH_JAVA.pdf', 'thumbnails/699a063a4e77e5813c143ae9/1771701948659-944ec4b3-thumb.webp', NULL, NULL, '699a063a4e77e5813c143ae9', 0, 0, 0, 15, 0, 1771701954, 1773211083);
INSERT OR REPLACE INTO notes (id, title, slug, category, is_paid, price, preview_pages, is_archived, sales_count, description, university, course, subject, year, file_name, file_type, file_size, file_key, thumbnail_key, preview_key, file_path, user_id, rating, num_reviews, download_count, view_count, is_featured, created_at, updated_at) VALUES ('699a038d775428288ef6ea3d', 'computer network all unit notes | computer networking | Cn | C.N |notes', 'computer-network-all-unit-notes-computer-networking-cn-c-n-notes-3081', 'University', 0, 0, 3, 0, 0, 'Computer Network Notes – All Units (AKTU B.Tech CSE) Complete exam‑oriented notes covering OSI & TCP/IP models, data transmission, switching, routing, congestion control, network security, and modern networking applications.', 'Aktu', 'Btech Cse', 'Computer Networks (CN)', '3', 'wyjruss4zv3vupwpw2v0.pdf', 'application/pdf', 4911516, 'notes/6999fe84ad6b48a9d9b2a766/1771701128498-6fe39306-wyjruss4zv3vupwpw2v0.pdf', 'thumbnails/6999fe84ad6b48a9d9b2a766/1771701128498-6fe39306-thumb.webp', NULL, NULL, '6999fe84ad6b48a9d9b2a766', 0, 0, 7, 35, 0, 1771701133, 1773274531);
INSERT OR REPLACE INTO notes (id, title, slug, category, is_paid, price, preview_pages, is_archived, sales_count, description, university, course, subject, year, file_name, file_type, file_size, file_key, thumbnail_key, preview_key, file_path, user_id, rating, num_reviews, download_count, view_count, is_featured, created_at, updated_at) VALUES ('6999ffa512f5bd9ea146e033', 'TAFL Unit 3 Grammar | tafl notes unit 3 | simple', 'tafl-unit-3-grammar-tafl-notes-unit-3-simple-5379', 'University', 0, 0, 3, 0, 0, 'Theory of Automata & Formal Languages (TAFL) Notes – Unit 3 (AKTU B.Tech CSE) Covers formal grammar types (Type 0–3), derivations, parse trees, ambiguity, Chomsky hierarchy, and applications of grammars in language recognition.', 'Aktu', 'Btech Cse', 'Theory of Automata & Formal Languages (TAFL)', '2', 'hhteslst8f1bc5cl39lk.pdf', 'application/pdf', 5979774, 'notes/6999fe84ad6b48a9d9b2a766/1771700128450-3273b1a6-hhteslst8f1bc5cl39lk.pdf', 'thumbnails/6999fe84ad6b48a9d9b2a766/1771700128450-3273b1a6-thumb.webp', NULL, NULL, '6999fe84ad6b48a9d9b2a766', 0, 0, 0, 6, 0, 1771700133, 1772196122);
INSERT OR REPLACE INTO notes (id, title, slug, category, is_paid, price, preview_pages, is_archived, sales_count, description, university, course, subject, year, file_name, file_type, file_size, file_key, thumbnail_key, preview_key, file_path, user_id, rating, num_reviews, download_count, view_count, is_featured, created_at, updated_at) VALUES ('699a00933249f62efc01b90b', 'TAFL | tafl | important question for semester exam | previous year question paper | pyq', 'tafl-tafl-important-question-for-semester-exam-previous-year-question-paper-pyq-7277', 'University', 0, 0, 3, 0, 0, 'Theory of Automata & Formal Languages (TAFL) – Important Questions (AKTU B.Tech CSE) Curated list of frequently asked and exam‑oriented questions from all units, covering automata, grammars, regular languages, and Turing machines for semester preparation.', 'Aktu', 'Btech Cse', 'Theory of Automata & Formal Languages (TAFL)', '2', 'od9wwexhtuflh5zfwash.pdf', 'application/pdf', 275721, 'notes/6999fe84ad6b48a9d9b2a766/1771700368498-0cd8a461-od9wwexhtuflh5zfwash.pdf', 'thumbnails/6999fe84ad6b48a9d9b2a766/1771700368498-0cd8a461-thumb.webp', NULL, NULL, '6999fe84ad6b48a9d9b2a766', 0, 0, 0, 19, 0, 1771700371, 1773284759);
INSERT OR REPLACE INTO notes (id, title, slug, category, is_paid, price, preview_pages, is_archived, sales_count, description, university, course, subject, year, file_name, file_type, file_size, file_key, thumbnail_key, preview_key, file_path, user_id, rating, num_reviews, download_count, view_count, is_featured, created_at, updated_at) VALUES ('699a0602775428288ef6ea57', 'PPS Unit 2 | pps unit 2 notes | unit 2 | pps simple | aktu btech cse', 'pps-unit-2-pps-unit-2-notes-unit-2-pps-simple-aktu-btech-cse-6613', 'University', 0, 0, 3, 0, 0, 'Programming for Problem Solving (PPS) Notes – Unit 2 (AKTU B.Tech CSE) Covers C programming basics including operators, expressions, input/output functions, type conversions, and foundational concepts for writing simple programs.', 'Aktu', 'Btech Cse', 'Programming for Problem Solving (PPS)', '1', 'index.pdf', 'application/pdf', 1285183, 'notes/6999d98564ecd2faa0f8d861/1771701759522-5513600d-index.pdf', 'thumbnails/6999d98564ecd2faa0f8d861/1771701759522-5513600d-thumb.webp', NULL, NULL, '699a063a4e77e5813c143ae9', 0, 0, 2, 22, 0, 1771701762, 1773290162);
INSERT OR REPLACE INTO notes (id, title, slug, category, is_paid, price, preview_pages, is_archived, sales_count, description, university, course, subject, year, file_name, file_type, file_size, file_key, thumbnail_key, preview_key, file_path, user_id, rating, num_reviews, download_count, view_count, is_featured, created_at, updated_at) VALUES ('699b70862aa3775bfa339048', 'Deep Learning unit 4 notes | DL notes aktu btech', 'deep-learning-unit-4-notes-dl-notes-aktu-btech-7777', 'University', 0, 0, 3, 0, 0, 'Deep Learning unit 4 notes | DL notes aktu btech, 4th year semester 7, help you score more in less time', 'Aktu', 'Btech Cse', 'Deep Learning', '4', 'deep learning unit 4.pdf', 'application/pdf', 2736812, 'notes/699b4b860c69efac7842364f/1771794564129-e6d22b5f-deep_learning_unit_4.pdf', 'thumbnails/699b4b860c69efac7842364f/1771794564129-e6d22b5f-thumb.webp', NULL, NULL, '699b4b860c69efac7842364f', 0, 0, 0, 16, 0, 1771794566, 1773275246);
INSERT OR REPLACE INTO notes (id, title, slug, category, is_paid, price, preview_pages, is_archived, sales_count, description, university, course, subject, year, file_name, file_type, file_size, file_key, thumbnail_key, preview_key, file_path, user_id, rating, num_reviews, download_count, view_count, is_featured, created_at, updated_at) VALUES ('699b73182aa3775bfa33908f', 'Deep learning unit 5 notes |deep learning simple ', 'deep-learning-unit-5-notes-deep-learning-simple-6888', 'University', 0, 0, 3, 0, 0, 'Deep learning unit 5 notes |deep learning simple  to score High in less time specially for aktu btech  7th sem', 'Aktu', 'Btech Cse', 'Deep Learning (DL)', '4', 'deep learning unit 5.pdf', 'application/pdf', 4158117, 'notes/699b4b860c69efac7842364f/1771795220824-f6a22c5d-deep_learning_unit_5.pdf', 'thumbnails/699b4b860c69efac7842364f/1771795220824-f6a22c5d-thumb.webp', NULL, NULL, '699b4b860c69efac7842364f', 0, 0, 0, 13, 0, 1771795224, 1773290620);
INSERT OR REPLACE INTO notes (id, title, slug, category, is_paid, price, preview_pages, is_archived, sales_count, description, university, course, subject, year, file_name, file_type, file_size, file_key, thumbnail_key, preview_key, file_path, user_id, rating, num_reviews, download_count, view_count, is_featured, created_at, updated_at) VALUES ('699b73532aa3775bfa33909f', 'Deep learning unit 3 notes |deep learning simple  |aktu btech', 'deep-learning-unit-3-notes-deep-learning-simple-aktu-btech-2352', 'University', 0, 0, 3, 0, 0, 'Deep learning unit 3 notes |deep learning simple  to score High in less time specially for aktu btech  7th sem', 'Aktu', 'Btech Cse', 'Deep Learning (DL)', '4', 'deep learning unit 3.pdf', 'application/pdf', 4634597, 'notes/699b4b860c69efac7842364f/1771795280508-b0f07e30-deep_learning_unit_3.pdf', 'thumbnails/699b4b860c69efac7842364f/1771795280508-b0f07e30-thumb.webp', NULL, NULL, '699b4b860c69efac7842364f', 0, 0, 3, 20, 0, 1771795283, 1772811417);
INSERT OR REPLACE INTO notes (id, title, slug, category, is_paid, price, preview_pages, is_archived, sales_count, description, university, course, subject, year, file_name, file_type, file_size, file_key, thumbnail_key, preview_key, file_path, user_id, rating, num_reviews, download_count, view_count, is_featured, created_at, updated_at) VALUES ('699a035056f7f5e5446c510d', 'Software Project Management || SPM || All Unit | spm notes 3rd year btech cse', 'software-project-management-spm-all-unit-spm-notes-3rd-year-btech-cse-5207', 'University', 0, 0, 3, 0, 0, 'Software Project Management Notes – All Units (AKTU B.Tech CSE, 3rd Year) Complete exam‑oriented notes covering project planning, scheduling, cost estimation, risk management, quality assurance, team management, and software development life cycle.', 'Aktu', 'Btech Cse', 'Software Project Management || SPM', '3', 'zxquxv88sva73pxxutxo.pdf', 'application/pdf', 70081, 'notes/6999fe84ad6b48a9d9b2a766/1771701069764-0185fe16-zxquxv88sva73pxxutxo.pdf', 'thumbnails/6999fe84ad6b48a9d9b2a766/1771701069764-0185fe16-thumb.webp', NULL, NULL, '6999fe84ad6b48a9d9b2a766', 0, 0, 4, 24, 0, 1771701072, 1773073319);
INSERT OR REPLACE INTO notes (id, title, slug, category, is_paid, price, preview_pages, is_archived, sales_count, description, university, course, subject, year, file_name, file_type, file_size, file_key, thumbnail_key, preview_key, file_path, user_id, rating, num_reviews, download_count, view_count, is_featured, created_at, updated_at) VALUES ('6999f786d41f6347dbc0fd6e', 'Ai notes all unit | ai notes | Artificial Intelligence notes all unit | Brevi Learning', 'ai-notes-all-unit-ai-notes-artificial-intelligence-notes-all-unit-brevi-learning-4467', 'University', 0, 0, 3, 0, 0, 'Artificial Intelligence Notes – All Units (AKTU B.Tech CSE, 4th Year) Complete exam‑oriented notes covering uncertainty, probabilistic reasoning, Bayesian networks, fuzzy logic, neural networks, and machine learning with Brevi Learning.', 'Aktu', 'Btech Cse', 'Artificial Intelligence', '4', 'AI ALL UNIT BY BREVI LEARNING_compressed-1765551265850.pdf', 'application/pdf', 7004741, 'notes/6999f5c97fd0a3284057c63d/1771698051342-844672a6-AI_ALL_UNIT_BY_BREVI_LEARNING_compressed_1765551265850.pdf', 'thumbnails/6999f5c97fd0a3284057c63d/1771698051342-844672a6-thumb.webp', NULL, NULL, '6999f5c97fd0a3284057c63d', 0, 0, 0, 14, 0, 1771698054, 1773074076);
INSERT OR REPLACE INTO notes (id, title, slug, category, is_paid, price, preview_pages, is_archived, sales_count, description, university, course, subject, year, file_name, file_type, file_size, file_key, thumbnail_key, preview_key, file_path, user_id, rating, num_reviews, download_count, view_count, is_featured, created_at, updated_at) VALUES ('6999fa680fa48ccb6e426a8b', 'Food Science Unit 4', 'food-science-unit-4-8104', 'University', 0, 0, 3, 0, 0, 'Food Science Notes – Unit 4 (AKTU B.Tech CSE, 3rd Year) Covers food processing, preservation techniques, quality control, nutrition, food safety standards, and modern applications in food technology.', 'Aktu', 'Btech Cse', 'Food Science and Nutrition', '3', 'h1ykvrau3s0qnvsyrsrb.pdf', 'application/pdf', 1606310, 'notes/6999f9d3ad6b48a9d9b2a70c/1771698790721-0b2feb70-h1ykvrau3s0qnvsyrsrb.pdf', 'thumbnails/6999f9d3ad6b48a9d9b2a70c/1771698790721-0b2feb70-thumb.webp', NULL, NULL, '6999f9d3ad6b48a9d9b2a70c', 0, 0, 0, 7, 0, 1771698792, 1772213791);
INSERT OR REPLACE INTO notes (id, title, slug, category, is_paid, price, preview_pages, is_archived, sales_count, description, university, course, subject, year, file_name, file_type, file_size, file_key, thumbnail_key, preview_key, file_path, user_id, rating, num_reviews, download_count, view_count, is_featured, created_at, updated_at) VALUES ('6999f37209d00ac688e7fde0', 'Artificial Intelligence notes | Unit 3 | Ai notes aktu | Btech Cse', 'artificial-intelligence-notes-unit-3-ai-notes-aktu-btech-cse-6079', 'University', 0, 0, 3, 0, 0, 'Artificial Intelligence – Unit 3 (AKTU B.Tech CSE) Concise exam‑oriented notes covering uncertainty, probabilistic reasoning, Bayes’ theorem, Bayesian networks, fuzzy logic, neural networks, and machine learning fundamentals.', 'Aktu', 'Btech Cse', 'Artificial Intelligence | A.I | Ai', '4', '_AI Unit 3-1767253901021.pdf', 'application/pdf', 1874071, 'notes/6999f1a6335e35fbefd6dd9f/1771697008125-7298686e-_AI_Unit_3_1767253901021.pdf', 'thumbnails/6999f1a6335e35fbefd6dd9f/1771697008125-7298686e-thumb.webp', NULL, NULL, '6999f1a6335e35fbefd6dd9f', 0, 0, 0, 11, 0, 1771697010, 1772715889);
INSERT OR REPLACE INTO notes (id, title, slug, category, is_paid, price, preview_pages, is_archived, sales_count, description, university, course, subject, year, file_name, file_type, file_size, file_key, thumbnail_key, preview_key, file_path, user_id, rating, num_reviews, download_count, view_count, is_featured, created_at, updated_at) VALUES ('699a05ca56f7f5e5446c5155', 'PPS Unit 3 | pps unit 3 notes | pps simple notes | aktu btech cse', 'pps-unit-3-pps-unit-3-notes-pps-simple-notes-aktu-btech-cse-9507', 'University', 0, 0, 3, 0, 0, 'Programming for Problem Solving (PPS) Notes – Unit 3 (AKTU B.Tech CSE) Covers control structures in C including decision making (if, if‑else, switch), loops (for, while, do‑while), nested structures, and practical examples for exam preparation.', 'Aktu', 'Btech Cse', 'Programming for Problem Solving (PPS)', '1', 'LIKE, SHARE, COMMENT & SUBSCRIBE.pdf', 'application/pdf', 1293991, 'notes/6999d98564ecd2faa0f8d861/1771701704133-499be27e-LIKE__SHARE__COMMENT___SUBSCRIBE.pdf', 'thumbnails/6999d98564ecd2faa0f8d861/1771701704133-499be27e-thumb.webp', NULL, NULL, '699a063a4e77e5813c143ae9', 0, 0, 0, 15, 0, 1771701706, 1773282885);
INSERT OR REPLACE INTO notes (id, title, slug, category, is_paid, price, preview_pages, is_archived, sales_count, description, university, course, subject, year, file_name, file_type, file_size, file_key, thumbnail_key, preview_key, file_path, user_id, rating, num_reviews, download_count, view_count, is_featured, created_at, updated_at) VALUES ('699c4cff1dbb176ce0c0d0f2', 'Renewable Energy Resources (RER) Unit 1 Notes | AKTU B.Tech CSE 4th Year', 'renewable-energy-resources-rer-unit-1-notes-aktu-b-tech-cse-4th-year-5049', 'University', 0, 0, 3, 0, 0, 'Unit 1 of Renewable Energy Resources (RER) provides an introduction to sustainable energy concepts. It covers the classification of energy sources, the importance of renewable alternatives, and their role in addressing environmental challenges. These notes are structured to support B.Tech CSE (AKTU, 4th year) students in understanding the fundamentals of RER and preparing effectively for exams.', 'Aktu', 'Btech Cse', 'Renewable Energy Resources (RER)', '4', 'UNIT-01-RER-by-multiatoms_compressed.pdf', 'application/pdf', 5548103, 'notes/699b4b860c69efac7842364f/1771851002525-72186cfb-UNIT_01_RER_by_multiatoms_compressed.pdf', 'thumbnails/699b4b860c69efac7842364f/1771851002525-72186cfb-thumb.webp', NULL, NULL, '699b4b860c69efac7842364f', 0, 0, 0, 21, 0, 1771851007, 1772886547);
INSERT OR REPLACE INTO notes (id, title, slug, category, is_paid, price, preview_pages, is_archived, sales_count, description, university, course, subject, year, file_name, file_type, file_size, file_key, thumbnail_key, preview_key, file_path, user_id, rating, num_reviews, download_count, view_count, is_featured, created_at, updated_at) VALUES ('699c4dc9d46db5a80ca99cd4', 'Renewable Energy Resources (RER) Unit 5 Notes | AKTU B.Tech CSE 4th Year', 'renewable-energy-resources-rer-unit-5-notes-aktu-b-tech-cse-4th-year-7870', 'University', 0, 0, 3, 0, 0, 'Unit 5 of Renewable Energy Resources (RER) focuses on policy, economics, and future prospects of renewable energy. It covers government initiatives, cost analysis, and global trends in sustainable energy adoption. These notes provide AKTU B.Tech CSE (4th year) students with insights into the practical and strategic aspects of renewable energy, making them valuable for both academic and professional growth.', 'Aktu', 'Btech Cse', 'Renewable Energy Resources (RER)', '4', 'RER-Unit-5-By-MultiAtoms_compressed.pdf', 'application/pdf', 4373505, 'notes/699b41fb343a35a525f5c033/1771851205844-e3e8f039-RER_Unit_5_By_MultiAtoms_compressed.pdf', 'thumbnails/699b41fb343a35a525f5c033/1771851205844-e3e8f039-thumb.webp', NULL, NULL, '699b41fb343a35a525f5c033', 0, 0, 0, 26, 0, 1771851209, 1772944332);
INSERT OR REPLACE INTO notes (id, title, slug, category, is_paid, price, preview_pages, is_archived, sales_count, description, university, course, subject, year, file_name, file_type, file_size, file_key, thumbnail_key, preview_key, file_path, user_id, rating, num_reviews, download_count, view_count, is_featured, created_at, updated_at) VALUES ('6999f958b6b407b2a41543ca', 'Html | Css |Assignment', 'html-css-assignment-2167', 'University', 0, 0, 3, 0, 0, 'HTML & CSS Assignment Notes (Web Development Basics) Covers structure and styling fundamentals including tags, attributes, forms, layouts, selectors, box model, positioning, and responsive design essentials.', 'Aktu', 'Btech Cse', 'Web Developement', '2', 'xxaiovynovm2zwemjhmx.pdf', 'application/pdf', 540643, 'notes/6999f5c97fd0a3284057c63d/1771698519143-3e3c8ce0-xxaiovynovm2zwemjhmx.pdf', 'thumbnails/6999f5c97fd0a3284057c63d/1771698519143-3e3c8ce0-thumb.webp', NULL, NULL, '6999f5c97fd0a3284057c63d', 0, 0, 1, 9, 0, 1771698520, 1772719927);
INSERT OR REPLACE INTO notes (id, title, slug, category, is_paid, price, preview_pages, is_archived, sales_count, description, university, course, subject, year, file_name, file_type, file_size, file_key, thumbnail_key, preview_key, file_path, user_id, rating, num_reviews, download_count, view_count, is_featured, created_at, updated_at) VALUES ('6999f2d717c7cbd260f6cf54', 'Cloud Computing notes | Unit 3 | cloud computing aktu btech | cse | Aditya Choudhary', 'cloud-computing-notes-unit-3-cloud-computing-aktu-btech-cse-aditya-choudhary-4969', 'University', 0, 0, 3, 0, 0, 'cloud computing unit 3, introduction to machine learnign, baysian network, probablistic reasoning', 'Aktu', 'Btech Cse', 'Cloud Computing | CC', '4', 'fcgh-1767371221721.pdf', 'application/pdf', 336722, 'notes/6999f1a6335e35fbefd6dd9f/1771696853861-ad72818a-fcgh_1767371221721.pdf', 'thumbnails/6999f1a6335e35fbefd6dd9f/1771696853861-ad72818a-thumb.webp', NULL, NULL, '6999f1a6335e35fbefd6dd9f', 5, 1, 5, 92, 0, 1771696855, 1773163175);
INSERT OR REPLACE INTO notes (id, title, slug, category, is_paid, price, preview_pages, is_archived, sales_count, description, university, course, subject, year, file_name, file_type, file_size, file_key, thumbnail_key, preview_key, file_path, user_id, rating, num_reviews, download_count, view_count, is_featured, created_at, updated_at) VALUES ('699b73d92aa3775bfa3390bf', 'Deep learning unit  notes |deep learning simple | deep learning notes simple quick revision', 'deep-learning-unit-notes-deep-learning-simple-deep-learning-notes-simple-quick-revision-9557', 'University', 0, 0, 3, 0, 0, 'Deep learning unit 1 notes |deep learning simple  to score High in less time specially for aktu btech  7th sem', 'Aktu', 'Btech Cse', 'Deep Learning (DL)', '4', 'deep learning unit 1.pdf', 'application/pdf', 2994081, 'notes/699b4b860c69efac7842364f/1771795415126-81aef71c-deep_learning_unit_1.pdf', 'thumbnails/699b4b860c69efac7842364f/1771795415126-81aef71c-thumb.webp', NULL, NULL, '699b4b860c69efac7842364f', 5, 1, 2, 79, 0, 1771795417, 1773169495);
INSERT OR REPLACE INTO notes (id, title, slug, category, is_paid, price, preview_pages, is_archived, sales_count, description, university, course, subject, year, file_name, file_type, file_size, file_key, thumbnail_key, preview_key, file_path, user_id, rating, num_reviews, download_count, view_count, is_featured, created_at, updated_at) VALUES ('69aee95f2d6f1c9356d31dac', 'AKTU DBMS Unit 1 Notes: Intro, Architecture & ER Model | B.Tech CSE', 'aktu-dbms-unit-1-notes-intro-architecture-er-model-b-tech-cse-8556', 'University', 1, 19, 3, 0, 0, 'Comprehensive notes for AKTU B.Tech CSE Database Management System (DBMS) Unit 1. Covers database system concepts, file systems vs. DBMS, 3-schema architecture, data independence, ER Modeling (Entity-Relationship), attributes, keys, and mapping constraints. Perfect for quick semester exam preparation.', 'Aktu', 'Btech Cse', 'Database Management System (DBMS)', '3rd Year / 5th Semester', 'DBMS-Unit-1-By-Multi-Atoms-Plus-compressed.pdf', 'application/pdf', 10090205, 'notes/699b4b860c69efac7842364f/1773070672841-b90b07d8-DBMS_Unit_1_By_Multi_Atoms_Plus_compressed.pdf', 'thumbnails/699b4b860c69efac7842364f/1773070672841-b90b07d8-thumb.webp', 'previews/699b4b860c69efac7842364f/1773070672841-b90b07d8-preview.pdf', NULL, '699b4b860c69efac7842364f', 0, 0, 0, 4, 0, 1773070687, 1773089685);
INSERT OR REPLACE INTO notes (id, title, slug, category, is_paid, price, preview_pages, is_archived, sales_count, description, university, course, subject, year, file_name, file_type, file_size, file_key, thumbnail_key, preview_key, file_path, user_id, rating, num_reviews, download_count, view_count, is_featured, created_at, updated_at) VALUES ('699b71b62aa3775bfa33906b', 'Deep Learning all unit notes | DL notes | deep learning notes by beevi learning ', 'deep-learning-all-unit-notes-dl-notes-deep-learning-notes-by-beevi-learning-6751', 'University', 0, 0, 3, 0, 0, 'Deep learning all unit notes complete syllabus according to aktu university for btech session 2025-26', 'Aktu', 'Btech Cse', 'Deep Learning', '4', 'DEEP LEARNING ALL UNIT BY BREVI LEARNING_compressed.pdf', 'application/pdf', 5734645, 'notes/699b4b860c69efac7842364f/1771794867292-b25e2e07-DEEP_LEARNING_ALL_UNIT_BY_BREVI_LEARNING_compressed.pdf', 'thumbnails/699b4b860c69efac7842364f/1771794867292-b25e2e07-thumb.webp', NULL, NULL, '699b4b860c69efac7842364f', 5, 2, 3, 69, 0, 1771794870, 1773294735);
INSERT OR REPLACE INTO notes (id, title, slug, category, is_paid, price, preview_pages, is_archived, sales_count, description, university, course, subject, year, file_name, file_type, file_size, file_key, thumbnail_key, preview_key, file_path, user_id, rating, num_reviews, download_count, view_count, is_featured, created_at, updated_at) VALUES ('6999f4bc5efcaa9dddd71eca', 'Artificial Intelligence || Ai || Unit 1', 'artificial-intelligence-ai-unit-1-3905', 'University', 0, 0, 3, 0, 0, 'Artificial Intelligence Notes – Unit 1 (AKTU B.Tech CSE, 4th Year) Clear exam‑oriented notes covering introduction to AI, history, applications, problem‑solving techniques, intelligent agents, and search strategies.', 'Aktu', 'Btech Cse', 'Artificial Intelligence (A.I)', '4', 'Artificial-Intelligent-Unit-1-One-Shot-By-MultiAtoms-1760295084022.pdf', 'application/pdf', 2359559, 'notes/6999f1a6335e35fbefd6dd9f/1771697338689-993f3fed-Artificial_Intelligent_Unit_1_One_Shot_By_MultiAtoms_1760295084022.pdf', 'thumbnails/6999f1a6335e35fbefd6dd9f/1771697338689-993f3fed-thumb.webp', NULL, NULL, '6999f1a6335e35fbefd6dd9f', 0, 0, 0, 11, 0, 1771697340, 1772727814);
INSERT OR REPLACE INTO notes (id, title, slug, category, is_paid, price, preview_pages, is_archived, sales_count, description, university, course, subject, year, file_name, file_type, file_size, file_key, thumbnail_key, preview_key, file_path, user_id, rating, num_reviews, download_count, view_count, is_featured, created_at, updated_at) VALUES ('69aeed89dc3ea113a1182bc3', 'AKTU DBMS Unit 1 Notes: Introduction & ER Modeling | B.Tech CSE (Engineering Express)', 'aktu-dbms-unit-1-notes-introduction-er-modeling-b-tech-cse-engineering-express-6840', 'University', 0, 0, 0, 0, 0, 'Download the most effective Engineering Express notes for AKTU B.Tech CSE DBMS Unit 1. Covers core concepts including File System vs. DBMS, 3-Tier Architecture, Data Independence, ER Modeling, Relational Models, and Database Keys (Primary, Foreign, Candidate). Perfect for quick university exam revision and scoring high marks.', 'Aktu', 'Btech Cse', 'Database Management Systems (DBMS)', '3rd Year / 5th Semester', 'bcs501-dbms-unit-1-comprehensive-study-notes-and-overview-compressed-2-36_compressed.pdf', 'application/pdf', 7384345, 'notes/699b4b860c69efac7842364f/1773071744673-cb6354db-bcs501_dbms_unit_1_comprehensive_study_notes_and_overview_compressed_2_36_compressed.pdf', 'thumbnails/699b4b860c69efac7842364f/1773071744673-cb6354db-thumb.webp', NULL, NULL, '699b4b860c69efac7842364f', 0, 0, 0, 7, 0, 1773071753, 1773130867);
INSERT OR REPLACE INTO notes (id, title, slug, category, is_paid, price, preview_pages, is_archived, sales_count, description, university, course, subject, year, file_name, file_type, file_size, file_key, thumbnail_key, preview_key, file_path, user_id, rating, num_reviews, download_count, view_count, is_featured, created_at, updated_at) VALUES ('699c4d87d13353811267c775', 'Renewable Energy Resources (RER) Unit 3 Notes | AKTU B.Tech CSE 4th Year', 'renewable-energy-resources-rer-unit-3-notes-aktu-b-tech-cse-4th-year-8521', 'University', 0, 0, 3, 0, 0, 'Unit 3 of Renewable Energy Resources (RER) focuses on advanced renewable technologies and their practical applications. It covers geothermal energy, tidal and wave power, and emerging innovations in sustainable energy systems. These notes are designed for AKTU B.Tech CSE (4th year) students, offering clear explanations and structured insights to aid exam preparation and deepen conceptual understanding.', 'Aktu', 'Btech Cse', 'Renewable Energy Resources (RER)', '4', 'UNIT-3-RER-By-Multiatoms_compressed.pdf', 'application/pdf', 5537140, 'notes/699b41fb343a35a525f5c033/1771851140396-bec03385-UNIT_3_RER_By_Multiatoms_compressed.pdf', 'thumbnails/699b41fb343a35a525f5c033/1771851140396-bec03385-thumb.webp', NULL, NULL, '699b41fb343a35a525f5c033', 0, 0, 0, 15, 0, 1771851143, 1772973809);
INSERT OR REPLACE INTO notes (id, title, slug, category, is_paid, price, preview_pages, is_archived, sales_count, description, university, course, subject, year, file_name, file_type, file_size, file_key, thumbnail_key, preview_key, file_path, user_id, rating, num_reviews, download_count, view_count, is_featured, created_at, updated_at) VALUES ('69aeea03700f0c82435e5c38', 'AKTU DBMS Unit 3 Notes: Database Design & Normalization | B.Tech CSE', 'aktu-dbms-unit-3-notes-database-design-normalization-b-tech-cse-6380', 'University', 1, 19, 3, 0, 0, 'Best handwritten-style notes for AKTU DBMS Unit 3 Database Design. Master Functional Dependencies, closure, and Normalization forms including 1NF, 2NF, 3NF, BCNF, multi-valued dependencies, 4NF, and 5NF. Learn normalization easily with step-by-step examples to score full marks.', 'Aktu', 'Btech Cse', 'Database Management System (DBMS)', '3rd Year / 5th Semester', 'DBMS-Unit-3-Notes-By-MultiAtomsPlus (1)-compressed.pdf', 'application/pdf', 652216, 'notes/699b4b860c69efac7842364f/1773070848589-bcb1117a-DBMS_Unit_3_Notes_By_MultiAtomsPlus__1__compressed.pdf', 'thumbnails/699b4b860c69efac7842364f/1773070848589-bcb1117a-thumb.webp', 'previews/699b4b860c69efac7842364f/1773070848589-bcb1117a-preview.pdf', NULL, '699b4b860c69efac7842364f', 0, 0, 0, 6, 0, 1773070851, 1773084457);
INSERT OR REPLACE INTO notes (id, title, slug, category, is_paid, price, preview_pages, is_archived, sales_count, description, university, course, subject, year, file_name, file_type, file_size, file_key, thumbnail_key, preview_key, file_path, user_id, rating, num_reviews, download_count, view_count, is_featured, created_at, updated_at) VALUES ('69ad9607ea3e00d85a16edf2', 'Mathematics 4 AKTU Notes | PDE Unit 1 | B.Tech CSE | Math 4 notes unit 1 | unit 1 notes Math 4 (Mathematics 4)', 'mathematics-4-aktu-notes-pde-unit-1-b-tech-cse-math-4-notes-unit-1-unit-1-notes-math-4-mathematics-4-3487', 'University', 1, 49, 3, 0, 0, 'Partial Differential Equations, Math 4 AKTU, B.Tech CSE Notes, PDE Unit 1, Lagrange Equation, Charpit Method, AKTU Mathematics 4', 'Aktu', 'Btech Cse', 'Mathematics 4 (Math 4)', '2', 'Module 1 new.pdf', 'application/pdf', 1182619, 'notes/699b4b860c69efac7842364f/1772983805246-cc60a12e-Module_1_new.pdf', 'thumbnails/699b4b860c69efac7842364f/1772983805246-cc60a12e-thumb.webp', 'previews/699b4b860c69efac7842364f/1772983805246-cc60a12e-preview.pdf', NULL, '699b4b860c69efac7842364f', 0, 0, 0, 29, 0, 1772983815, 1773286724);
INSERT OR REPLACE INTO notes (id, title, slug, category, is_paid, price, preview_pages, is_archived, sales_count, description, university, course, subject, year, file_name, file_type, file_size, file_key, thumbnail_key, preview_key, file_path, user_id, rating, num_reviews, download_count, view_count, is_featured, created_at, updated_at) VALUES ('699c4d58a65f2d80ff15e6ea', 'Renewable Energy Resources (RER) Unit 2 Notes | AKTU B.Tech CSE 4th Year', 'renewable-energy-resources-rer-unit-2-notes-aktu-b-tech-cse-4th-year-8100', 'University', 0, 0, 3, 0, 0, 'Unit 2 of Renewable Energy Resources (RER) explores the principles and applications of different renewable technologies. It covers solar, wind, biomass, and hydro energy systems, focusing on their working mechanisms, advantages, and limitations. These notes are tailored for AKTU B.Tech CSE (4th year) students, providing clear explanations to strengthen exam preparation and conceptual understanding.', 'Aktu', 'Btech Cse', 'Renewable Energy Resources (RER)', '4', 'Unit-02-RER-By-Multiatoms_compressed.pdf', 'application/pdf', 5861275, 'notes/699b41fb343a35a525f5c033/1771851093382-b98c54b4-Unit_02_RER_By_Multiatoms_compressed.pdf', 'thumbnails/699b41fb343a35a525f5c033/1771851093382-b98c54b4-thumb.webp', NULL, NULL, '699b41fb343a35a525f5c033', 0, 0, 1, 21, 0, 1771851096, 1772972716);
INSERT OR REPLACE INTO notes (id, title, slug, category, is_paid, price, preview_pages, is_archived, sales_count, description, university, course, subject, year, file_name, file_type, file_size, file_key, thumbnail_key, preview_key, file_path, user_id, rating, num_reviews, download_count, view_count, is_featured, created_at, updated_at) VALUES ('699b50cc141be3b3b16cde91', 'Data Structure and Algorithms | DSA simple notes | dsa quick revision cheat sheet notes', 'data-structure-and-algorithms-dsa-simple-notes-dsa-quick-revision-cheat-sheet-notes-6045', 'University', 0, 0, 3, 0, 0, 'DSA Quick Revision Cheat Sheet – Simplified notes covering all major Data Structures and Algorithms topics. Perfect for last‑minute exam prep and interview readiness, with concise explanations, key formulas, and complexity highlights.', 'Aktu', 'Btech Cse', 'Data Structure and Algorithms (DSA)', '2', 'AKTU B.Tech CSE DSA Comprehensive HTML Notes.pdf', 'application/pdf', 333163, 'notes/699b41fb343a35a525f5c033/1771786441388-e1794aa7-AKTU_B_Tech_CSE_DSA_Comprehensive_HTML_Notes.pdf', 'thumbnails/699b41fb343a35a525f5c033/1771786441388-e1794aa7-thumb.webp', NULL, NULL, '699b41fb343a35a525f5c033', 0, 0, 0, 17, 0, 1771786444, 1773073262);
INSERT OR REPLACE INTO notes (id, title, slug, category, is_paid, price, preview_pages, is_archived, sales_count, description, university, course, subject, year, file_name, file_type, file_size, file_key, thumbnail_key, preview_key, file_path, user_id, rating, num_reviews, download_count, view_count, is_featured, created_at, updated_at) VALUES ('699b71402aa3775bfa33905b', 'Machine learning all unit notes | Ml notes complete simple', 'machine-learning-all-unit-notes-ml-notes-complete-simple-6629', 'University', 0, 0, 3, 0, 0, 'Machine learning easy simple notes for all unit. ML  aktu btech 3rd year 5th sem', 'Aktu', 'Btech Cse', 'Machine Learning (ML)', '3', 'ML All Unit Combined Easy Notes(Edushine Classes)_compressed.pdf', 'application/pdf', 13683149, 'notes/699b4b860c69efac7842364f/1771794749058-a97f2d9e-ML_All_Unit_Combined_Easy_Notes_Edushine_Classes__compressed.pdf', 'thumbnails/699b4b860c69efac7842364f/1771794749058-a97f2d9e-thumb.webp', NULL, NULL, '699b4b860c69efac7842364f', 5, 1, 3, 54, 0, 1771794752, 1773286732);
INSERT OR REPLACE INTO notes (id, title, slug, category, is_paid, price, preview_pages, is_archived, sales_count, description, university, course, subject, year, file_name, file_type, file_size, file_key, thumbnail_key, preview_key, file_path, user_id, rating, num_reviews, download_count, view_count, is_featured, created_at, updated_at) VALUES ('6999f57509d00ac688e7fe1d', 'Basic Interview Questions with Answers', 'basic-interview-questions-with-answers-3890', 'University', 0, 0, 3, 0, 0, 'Basic Interview Questions with Answers (Reference Guide) Comprehensive preparation notes covering HR and technical interview questions, strengths & weaknesses, career goals, motivation, teamwork, problem‑solving, and self‑introduction tips for freshers.', 'Aktu', 'Btech Cse', 'Interview questions soft skill', '4', 'Basic Interview Question with Hints-1754123566517.pdf', 'application/pdf', 628384, 'notes/6999f1a6335e35fbefd6dd9f/1771697523672-41ea0f10-Basic_Interview_Question_with_Hints_1754123566517.pdf', 'thumbnails/6999f1a6335e35fbefd6dd9f/1771697523672-41ea0f10-thumb.webp', NULL, NULL, '6999f1a6335e35fbefd6dd9f', 0, 0, 1, 21, 0, 1771697525, 1773137015);
INSERT OR REPLACE INTO notes (id, title, slug, category, is_paid, price, preview_pages, is_archived, sales_count, description, university, course, subject, year, file_name, file_type, file_size, file_key, thumbnail_key, preview_key, file_path, user_id, rating, num_reviews, download_count, view_count, is_featured, created_at, updated_at) VALUES ('699c51f4bcd6f9df0367b95b', 'Database Management Systems (DBMS) Unit 1 & 2 Notes | AKTU B.Tech CSE 3rd Year | DBMS unit 1 simple notes easy by Aditya Choudhary', 'database-management-systems-dbms-unit-1-2-notes-aktu-b-tech-cse-3rd-year-dbms-unit-1-simple-notes-easy-by-aditya-choudhary-8371', 'University', 0, 0, 3, 0, 0, 'This material introduces the fundamentals of Database Management Systems (DBMS). It covers an overview of databases, comparison with file systems, DBMS concepts and architecture, schemas, instances, data independence, and database languages (DDL, DML). It also explains the overall database structure.
The notes further explore Data Modeling using the Entity Relationship (ER) Model, including ER concepts, diagram notation, mapping constraints, keys (super key, candidate key, primary key), generalization, aggregation, reduction of ER diagrams to tables, extended ER models, and higher‑degree relationships.
Structured for AKTU B.Tech CSE (3rd year) students, these notes provide clear explanations to strengthen both conceptual understanding and exam preparation.', 'Aktu', 'Btech Cse', 'Database Management System (DBMS)', '3', 'Comprehensive DBMS Architecture and ER Modeling Guide.pdf', 'application/pdf', 303470, 'notes/699b4b860c69efac7842364f/1771852272465-6c8cc2d5-Comprehensive_DBMS_Architecture_and_ER_Modeling_Guide.pdf', 'thumbnails/699b4b860c69efac7842364f/1771852272465-6c8cc2d5-thumb.webp', NULL, NULL, '699b4b860c69efac7842364f', 0, 0, 2, 35, 1, 1771852276, 1773244470);
INSERT OR REPLACE INTO notes (id, title, slug, category, is_paid, price, preview_pages, is_archived, sales_count, description, university, course, subject, year, file_name, file_type, file_size, file_key, thumbnail_key, preview_key, file_path, user_id, rating, num_reviews, download_count, view_count, is_featured, created_at, updated_at) VALUES ('69aeedf9b3996ea0b0476da5', 'AKTU DBMS Unit 2 Notes: Relational Algebra & SQL Queries | B.Tech CSE (Engineering Express)', 'aktu-dbms-unit-2-notes-relational-algebra-sql-queries-b-tech-cse-engineering-express-3438', 'University', 0, 0, 0, 0, 0, 'Complete DBMS Unit 2 notes by Engineering Express tailored for AKTU B.Tech Computer Science students. Simplify complex topics like Relational Algebra operations, Tuple Relational Calculus (TRC), Domain Relational Calculus (DRC), advanced SQL Queries, Triggers, Views, and Integrity Constraints.', 'Aktu', 'Btech Cse', 'Database Management Systems (DBMS)', '3rd Year / 5th Semester', 'DBMS Unit-2 by Engineering Express (1)-compressed.pdf', 'application/pdf', 5813186, 'notes/699b4b860c69efac7842364f/1773071858593-0f3b29cd-DBMS_Unit_2_by_Engineering_Express__1__compressed.pdf', 'thumbnails/699b4b860c69efac7842364f/1773071858593-0f3b29cd-thumb.webp', NULL, NULL, '699b4b860c69efac7842364f', 0, 0, 0, 6, 0, 1773071865, 1773115290);
INSERT OR REPLACE INTO notes (id, title, slug, category, is_paid, price, preview_pages, is_archived, sales_count, description, university, course, subject, year, file_name, file_type, file_size, file_key, thumbnail_key, preview_key, file_path, user_id, rating, num_reviews, download_count, view_count, is_featured, created_at, updated_at) VALUES ('6999f84db6b407b2a415439c', 'Cloud Computing Notes | All Units By Krazy kaksha | CC notes | Cloud Computing |  Aktu Btech Cse | Aktu', 'cloud-computing-notes-all-units-by-krazy-kaksha-cc-notes-cloud-computing-aktu-btech-cse-aktu-1167', 'University', 0, 0, 0, 0, 0, 'Cloud Computing Notes – All Units (AKTU B.Tech CSE, 4th Year) Comprehensive exam‑oriented notes covering virtualization, distributed systems, service models (IaaS, PaaS, SaaS), cloud architecture, security, and real‑world applications by Krazy Kaksha.', 'Aktu', 'Btech Cse', 'Cloud Computing (CC)', '4', 'krazy kaksha cloud computing (1) (1)-1765550944379.pdf', 'application/pdf', 7190856, 'notes/6999f5c97fd0a3284057c63d/1771698249891-fce7b03c-krazy_kaksha_cloud_computing__1___1__1765550944379.pdf', 'thumbnails/6999f5c97fd0a3284057c63d/1771698249891-fce7b03c-thumb.webp', NULL, NULL, '6999f5c97fd0a3284057c63d', 0, 0, 0, 15, 0, 1771698253, 1773166579);
INSERT OR REPLACE INTO notes (id, title, slug, category, is_paid, price, preview_pages, is_archived, sales_count, description, university, course, subject, year, file_name, file_type, file_size, file_key, thumbnail_key, preview_key, file_path, user_id, rating, num_reviews, download_count, view_count, is_featured, created_at, updated_at) VALUES ('69aeea8d700f0c82435e5c68', 'AKTU DBMS Unit 5 Notes: Concurrency Control & Database Recovery | B.Tech CSE', 'aktu-dbms-unit-5-notes-concurrency-control-database-recovery-b-tech-cse-1355', 'University', 1, 19, 3, 0, 0, 'Detailed notes for AKTU DBMS Unit 5. Master Concurrency Control protocols (Lock-based, Time-stamping, Validation, Multiple Granularity), Deadlock handling, Database Recovery Systems, Log-based recovery, shadow paging, and ARIES algorithm. Essential final unit prep for B.Tech CSE students.', 'Aktu', 'Btech Cse', 'Database Management System (DBMS)', '3rd Year / 5th Semester', 'DBMS-Unit-5-By-Multi-Atoms-Plus-compressed.pdf', 'application/pdf', 646660, 'notes/699b4b860c69efac7842364f/1773070980964-bb3843c9-DBMS_Unit_5_By_Multi_Atoms_Plus_compressed.pdf', 'thumbnails/699b4b860c69efac7842364f/1773070980964-bb3843c9-thumb.webp', 'previews/699b4b860c69efac7842364f/1773070980964-bb3843c9-preview.pdf', NULL, '699b4b860c69efac7842364f', 0, 0, 0, 6, 0, 1773070989, 1773089676);
INSERT OR REPLACE INTO notes (id, title, slug, category, is_paid, price, preview_pages, is_archived, sales_count, description, university, course, subject, year, file_name, file_type, file_size, file_key, thumbnail_key, preview_key, file_path, user_id, rating, num_reviews, download_count, view_count, is_featured, created_at, updated_at) VALUES ('699da68b78eaac079f8b78b4', 'Data Structure and Algorithms (DSA) unit 2 notes  | dsa unit 2 notes aktu btech | aktu btech cse', 'data-structure-and-algorithms-dsa-unit-2-notes-dsa-unit-2-notes-aktu-btech-aktu-btech-cse-2823', 'University', 1, 49, 3, 0, 0, 'Data Structure and Algorithms (DSA) unit 2 notes  | dsa unit 2 notes aktu btech | aktu btech cse  , comprehensive notes help to boost you knowledge deeply', 'Aktu', 'Btech', 'Data Structure and Algorithms (DSA)', '2', 'Data Structures and Algorithms (DSA) - Unit 2_ Stacks and Queues - Google Docs.pdf', 'application/pdf', 243786, 'notes/699b4b860c69efac7842364f/1771939465146-91e9534e-Data_Structures_and_Algorithms__DSA____Unit_2__Stacks_and_Queues___Google_Docs.pdf', 'thumbnails/699b4b860c69efac7842364f/1771939465146-91e9534e-thumb.webp', NULL, NULL, '699b4b860c69efac7842364f', 5, 1, 4, 67, 1, 1771939467, 1773130865);
INSERT OR REPLACE INTO notes (id, title, slug, category, is_paid, price, preview_pages, is_archived, sales_count, description, university, course, subject, year, file_name, file_type, file_size, file_key, thumbnail_key, preview_key, file_path, user_id, rating, num_reviews, download_count, view_count, is_featured, created_at, updated_at) VALUES ('69aeee4173c58d48f694df7b', 'AKTU DBMS Unit 3 Notes: Functional Dependency & Normalization | B.Tech CSE (Engineering Express)', 'aktu-dbms-unit-3-notes-functional-dependency-normalization-b-tech-cse-engineering-express-9162', 'University', 0, 0, 0, 0, 0, 'Top-scoring Engineering Express notes for DBMS Unit 3 (AKTU B.Tech CSE). Provides an in-depth and easy-to-understand breakdown of Functional Dependencies, Armstrong''s Axioms, Closure, and Normal Forms (1NF, 2NF, 3NF, BCNF). Includes lossless join and dependency-preserving decompositions to help you easily crack numerical questions in semester exams.', 'Aktu', 'Btech Cse', 'Database Management Systems (DBMS)', '3rd Year / 5th Semester', 'DBMS unit 3 Updated by engineering Express (1)-compressed.pdf', 'application/pdf', 6411366, 'notes/699b4b860c69efac7842364f/1773071929907-49bce81c-DBMS_unit_3_Updated_by_engineering_Express__1__compressed.pdf', 'thumbnails/699b4b860c69efac7842364f/1773071929907-49bce81c-thumb.webp', NULL, NULL, '699b4b860c69efac7842364f', 0, 0, 0, 6, 0, 1773071937, 1773089581);
INSERT OR REPLACE INTO notes (id, title, slug, category, is_paid, price, preview_pages, is_archived, sales_count, description, university, course, subject, year, file_name, file_type, file_size, file_key, thumbnail_key, preview_key, file_path, user_id, rating, num_reviews, download_count, view_count, is_featured, created_at, updated_at) VALUES ('699a00e519fa9dde59aa1a45', 'Html introduction | html notes | html basics | html notes aktu btech cse', 'html-introduction-html-notes-html-basics-html-notes-aktu-btech-cse-3297', 'University', 0, 0, 3, 0, 0, 'HTML Introduction Notes (AKTU B.Tech CSE) Covers the basics of HTML including structure, elements, attributes, headings, paragraphs, links, lists, tables, forms, and foundational concepts for web development.', 'Aktu', 'Btech Cse', 'Web Development', '2', 'de4ea4vqjfnk1jvtul1m.pdf', 'application/pdf', 233833, 'notes/6999fe84ad6b48a9d9b2a766/1771700451055-93fe3593-de4ea4vqjfnk1jvtul1m.pdf', 'thumbnails/6999fe84ad6b48a9d9b2a766/1771700451055-93fe3593-thumb.webp', NULL, NULL, '6999fe84ad6b48a9d9b2a766', 0, 0, 0, 13, 0, 1771700453, 1773179619);
INSERT OR REPLACE INTO notes (id, title, slug, category, is_paid, price, preview_pages, is_archived, sales_count, description, university, course, subject, year, file_name, file_type, file_size, file_key, thumbnail_key, preview_key, file_path, user_id, rating, num_reviews, download_count, view_count, is_featured, created_at, updated_at) VALUES ('69aeeeab2067360e950e05a3', 'AKTU DBMS Unit 4 Notes: Transaction & Concurrency Control | B.Tech CSE (Engineering Express)', 'aktu-dbms-unit-4-notes-transaction-concurrency-control-b-tech-cse-engineering-express-6742', 'University', 0, 0, 0, 0, 0, 'Ace DBMS Unit 4 with these exact Engineering Express notes tailored for the AKTU syllabus. Master crucial exam topics including Transaction States, ACID Properties, Conflict & View Serializability, Concurrency Control protocols, Two-Phase Locking (2PL), Timestamp Ordering, and Deadlock Handling.', 'Aktu', 'Btech Cse', 'Database Management Systems (DBMS)', '3rd Year / 5th Semester', 'DBMS Unit-4 by Engineering Express (1)-compressed.pdf', 'application/pdf', 3883313, 'notes/699b4b860c69efac7842364f/1773072038033-4e29a8d4-DBMS_Unit_4_by_Engineering_Express__1__compressed.pdf', 'thumbnails/699b4b860c69efac7842364f/1773072038033-4e29a8d4-thumb.webp', NULL, NULL, '699b4b860c69efac7842364f', 0, 0, 0, 6, 0, 1773072043, 1773079389);
INSERT OR REPLACE INTO blogs (id, title, summary, content, slug, author_id, tags, cover_image, cover_image_key, rating, num_reviews, view_count, read_time, is_featured, created_at, updated_at) VALUES ('699c629716b773e29d6b3c23', 'Introducing StuHive: The Cinematic Academic Discovery Engine 🐝', 'Meet StuHive: a lightning-fast, decentralized academic ecosystem built by students, for students. Share study notes, publish insightful blogs, and collaborate via real-time chat. Featuring a cinematic UI and Next.js architecture, StuHive makes open-access knowledge sharing seamless and 100% free.', '# Introducing StuHive: The Cinematic Academic Discovery Engine 🐝

Studying in isolation is a thing of the past. For too long, academic resources have been scattered across messy group chats, locked behind expensive paywalls, or lost in the depths of disorganized hard drives.

It’s time for a change.

Enter **[StuHive](https://stuhive.in)**—a high-performance, decentralized academic library designed to empower students through seamless, open-access knowledge sharing. We aren''t just building another forum; we are building a *Cinematic Academic Discovery Engine*.

---

## 🌟 The Vision: Open-Access Knowledge

At its core, StuHive was built by a student, for students. The philosophy is simple: **Academic knowledge should be free, accessible, and community-driven.** By leveraging cutting-edge web technologies, StuHive transforms static study materials into a dynamic, real-time discovery experience. Whether you are looking for last-minute exam notes, writing a blog about your tech journey, or connecting with peers across the globe, StuHive is your digital campus.

👉 **[Explore the Live Library Here](https://stuhive.in/search)**

---

## 🚀 What Makes StuHive Different?

We’ve engineered StuHive from the ground up to be lightning-fast, visually stunning, and highly collaborative. Here is what you can expect when you join the ecosystem:

### 1. The Academic Vault & Custom Collections 📚

Say goodbye to dead links and slow downloads. StuHive''s asset delivery is powered by **Cloudflare R2**, providing decentralized, zero-latency access to high-res images and PDF documents.

* **Curate your knowledge:** Users can create personalized folders and collections to organize notes.
* **Lightning Fast:** Thanks to Optimistic UI updates, saving and organizing materials feels instant.

### 2. Real-Time Peer Collaboration 💬

Education is collaborative. StuHive features a built-in messaging ecosystem powered by **Ably WebSockets**.

* Experience instant message delivery, live unread counts, and active presence (see who is online in real-time).
* Chat overlays are built using React Portals, ensuring you can message peers without ever losing your place in a study document.
* *Try it out:* **[StuHive Chat](https://www.google.com/search?q=https://stuhive.in/chat)** *(Requires Login)*

### 3. Community Voices & Blogs ✍️

Everyone has an academic story to tell. Our **[Community Blogs](https://stuhive.in/blogs)** module allows students to write articles, share tutorials, and document their university experiences. It’s a space to build your personal academic portfolio and establish your voice.

---

## 🎨 A "Cinematic" User Experience

We believe educational software shouldn''t look like it was built in 2005. StuHive introduces a **Cinematic UI/UX**.

What does that mean? It means hardware-accelerated, 60fps glassmorphism effects. It means adaptive interactivity with hover-aware gradients, 3D tilt effects on cards, and cinematic flares that make browsing notes feel premium.

Furthermore, StuHive is **PWA Ready**—meaning you can install it directly to your iOS or Android device home screen for a native app experience, complete with custom maskable splash screens.

---

## 🛠️ Under the Hood: Built for Speed and Scale

For the developers and tech enthusiasts wondering how StuHive achieves sub-100ms response times and perfect Lighthouse scores, here is a peek at our tech stack:

* **Framework:** Next.js 15 (App Router) utilizing Server Components and Streaming.
* **Frontend:** React 19 & Tailwind CSS, adhering strictly to React purity rules.
* **Backend:** Zero-API-route architecture using highly secure **Server Actions** for direct database mutations.
* **Database:** MongoDB & Mongoose with `.lean()` query optimization.
* **Storage:** Cloudflare R2 (S3-compatible) for decentralized asset hosting.
* **Real-Time:** Ably WebSockets (Dynamically imported to keep initial load times microscopic).
* **SEO Engine:** Automated JSON-LD Schema injection and dynamic metadata generation for top-tier Google indexing.

---

## 🌍 Join the Global Ecosystem

StuHive is more than just a website; it’s a commitment to every student who has ever struggled to find the right resources. It is zero profit, ad-free, and 100% focused on infrastructure and community.

**Ready to start your journey?**

1. 📖 **[Browse Materials](https://stuhive.in/search)**
2. 📝 **[Share a Note](https://www.google.com/search?q=https://stuhive.in/notes/upload)**
3. 🤝 **[Create your Free Account](https://www.google.com/search?q=https://stuhive.in/signup)**

Let’s dismantle the barriers to academic success. One student, one note, and one community at a time.

Welcome to the Hive. 🐝

---

*Built with passion by **Aditya Choudhary**.*
*[Support the Infrastructure*](https://www.google.com/search?q=https://stuhive.in/donate)', 'introducing-stuhive-the-cinematic-academic-discovery-engine', '6999fc77ad89c11a7aa8b053', '["StuHive","Digital Learning"]', 'https://cdn.stuhive.in/blogs/6999fc77ad89c11a7aa8b053/1771856533788-2d1c9aa2-cover', 'blogs/6999fc77ad89c11a7aa8b053/1771856533788-2d1c9aa2-cover', 5, 1, 67, 4, 1, 1771856535, 1773159426);
INSERT OR REPLACE INTO blogs (id, title, summary, content, slug, author_id, tags, cover_image, cover_image_key, rating, num_reviews, view_count, read_time, is_featured, created_at, updated_at) VALUES ('699b7aec6c942a490691d230', '# 🚀 The Rise of AI in 2026: How Artificial Intelligence Is Transforming Everyday Life', 'Artificial Intelligence in 2026 is transforming industries, careers, healthcare, and business through generative tools like ChatGPT and Gemini. From automation to personalized experiences, AI is driving innovation, reshaping jobs, and defining the future of the digital economy worldwide.', '# 🚀 The Rise of AI in 2026: How Artificial Intelligence Is Transforming Everyday Life

Artificial Intelligence (AI) is no longer a futuristic concept — it’s part of our daily routine. From the way we search online to how we work, shop, travel, and even receive healthcare, AI is reshaping the world at an unprecedented speed.

In 2026, AI is not just a trend — it’s a revolution.

This comprehensive guide explores how AI is transforming industries, influencing careers, creating new opportunities, and what you need to know to stay ahead.

---

## 🔍 What Is Artificial Intelligence?

Artificial Intelligence refers to computer systems designed to perform tasks that typically require human intelligence — such as learning, reasoning, decision-making, and problem-solving.

Modern AI systems like **ChatGPT** by **OpenAI** and **Gemini** by **Google** are prime examples of how advanced AI has become.

---

## 📈 Why AI Is Trending in 2026

AI is trending globally for several reasons:

### 1. Generative AI Boom

AI tools now create:

* Articles
* Images
* Videos
* Music
* Code

Platforms like **Midjourney** and **DALL·E** are revolutionizing creative industries.

---

### 2. AI in Everyday Apps

Apps we use daily now integrate AI:

* Personalized shopping recommendations
* Smart assistants
* Automated email replies
* AI-powered search results

Even smartphones now run AI models locally for enhanced performance.

---

### 3. AI in Healthcare

AI is assisting doctors with:

* Disease detection
* Medical imaging analysis
* Drug discovery
* Personalized treatment plans

Organizations like **IBM** have invested heavily in AI-driven healthcare systems.

---

### 4. AI in Business & Startups

Companies use AI for:

* Customer service automation
* Data analytics
* Fraud detection
* Process automation

AI startups are receiving record-breaking investments globally.

---

## 💼 How AI Is Changing Jobs

AI is not just replacing tasks — it’s redefining careers.

### Jobs Growing Because of AI:

* AI Engineers
* Prompt Engineers
* Data Scientists
* Automation Specialists
* AI Ethics Consultants

### Jobs Being Automated:

* Basic data entry
* Repetitive customer support
* Manual bookkeeping
* Simple content generation

The key is adaptation. Learning AI tools increases employability.

---

## 🌍 Top Industries Being Transformed by AI

### 1. Education

AI tutors provide personalized learning experiences.

### 2. Finance

Algorithmic trading and fraud detection systems use AI heavily.

### 3. Marketing

AI predicts customer behavior and automates campaigns.

### 4. Cybersecurity

AI detects threats in real-time.

### 5. E-commerce

Personalized product recommendations boost conversion rates.

---

## 🧠 AI Tools You Should Know in 2026

Here are some popular AI tools trending right now:

* **ChatGPT** – Content creation & coding help
* **Gemini** – AI-powered search & productivity
* **Midjourney** – AI art generation
* **DALL·E** – Creative image generation

---

## ⚠️ AI Challenges & Concerns

While AI brings opportunities, it also raises concerns:

* Data privacy
* Job displacement
* Deepfakes
* Ethical use of AI
* Bias in algorithms

Governments worldwide are introducing AI regulations to ensure responsible usage.

---

## 🔮 The Future of AI

Experts predict:

* AI assistants will become more human-like
* AI will integrate deeper into smart homes
* Autonomous vehicles will expand
* AI-generated content will dominate media

Companies investing in AI today are shaping tomorrow’s economy.

---

## 🏁 Final Thoughts

Artificial Intelligence is not just a buzzword — it’s the foundation of the next digital era. Whether you are a student, entrepreneur, employee, or investor, understanding AI is no longer optional.

The question is not **“Will AI impact your life?”**
The real question is **“How prepared are you?”**

---

## 📌 SEO Keywords Included:

Artificial Intelligence 2026, AI Trends, Future of AI, AI in Business, AI Tools, Generative AI, AI Jobs, AI Revolution

---', 'the-rise-of-ai-in-2026-how-artificial-intelligence-is-transforming-everyday-life', '6999f1a6335e35fbefd6dd9f', '["Ai","chatgpt","gemini","grok"]', 'https://cdn.stuhive.in/blogs/6999f1a6335e35fbefd6dd9f/1771797225725-a3aa36b6-cover', 'blogs/6999f1a6335e35fbefd6dd9f/1771797225725-a3aa36b6-cover', 0, 0, 71, 4, 0, 1771797228, 1773163040);
INSERT OR REPLACE INTO blogs (id, title, summary, content, slug, author_id, tags, cover_image, cover_image_key, rating, num_reviews, view_count, read_time, is_featured, created_at, updated_at) VALUES ('69a5a05f282de1b056088bec', 'How to focus on study ', 'Be focused on study and make your life goles esey and get full force on you life goles and get full achivement ', '1. Optimize Your Environment
Your brain is highly sensitive to environmental cues. If you study in bed, your brain thinks "sleep." If you study at the kitchen table with the TV on, it thinks "snack and scroll."

The "Study Sanctuary": Designate one specific spot for work. It doesn’t have to be fancy—just consistent.

Visual De-cluttering: A messy desk leads to a messy mind. Clear everything except the materials you need for the task at hand.

The Phone Factor: Keeping your phone on your desk—even face down—reduces cognitive capacity. Put it in another room or use a "Focus Mode" to block notifications.

2. Master the "Science of Starting"
The hardest part of studying is the first five minutes. We often procrastinate because a task feels too large or vaguely defined.

The 5-Minute Rule
Tell yourself you will only study for five minutes. Usually, once the "activation energy" is spent and you''ve started, the urge to quit disappears.

The Pomodoro Technique
Break your time into manageable chunks to prevent burnout:

Work for 25 minutes (total focus).

Break for 5 minutes (stretch, hydrate, no social media).

Repeat 4 times, then take a longer 30-minute break.

3. Active vs. Passive Learning
Rereading and highlighting are the "fast food" of studying: they feel good but have zero nutritional value. To stay focused, you need to engage your brain actively.

Feynman Technique: Try to explain a concept in simple terms as if you were teaching a ten-year-old. If you stumble, you’ve found a gap in your knowledge.

Active Recall: Close the book and write down everything you remember. This forces your brain to "retrieve" information, which strengthens neural pathways.

SQ3R Method: Use the Survey, Question, Read, Recite, and Review method to engage with textbooks.

4. Manage Your Biology
You cannot focus if your "hardware" is failing. Cognitive performance is tied directly to your physical state.

Factor	Impact on Focus	Quick Fix
Sleep	Consolidates memory and clears toxins.	Aim for 7-9 hours; no screens 30 mins before bed.
Hydration	Dehydration causes "brain fog."	Keep a water bottle on your desk.
Movement	Increases blood flow to the prefrontal cortex.	Do 10 jumping jacks or a quick stretch during breaks.
5. Use Strategic Tools
Sometimes, a little tech help goes a long way in fighting distractions.

Forest (App): Grow a digital tree by staying off your phone. If you leave the app, the tree dies.

Cold Turkey / Freedom: Desktop blockers that prevent you from visiting distracting websites during study hours.

Lo-fi or White Noise: Lyrics can be distracting. Opt for "Lo-fi beats," "Brown noise," or "Ambient cafe sounds" to drown out background chatter.

6. Forgive the Slip-ups
Focus is a muscle. Some days you’ll be a productivity machine; other days, you’ll spend an hour looking at a single paragraph.

The trick is not to let a bad hour turn into a bad day. If you get distracted, acknowledge it without guilt, put the phone away, and restart your 5-minute timer.

Ready to get started?
Would you like me to create a personalized 2-hour study schedule based on a specific subject you''re working on right now?', 'how-to-focus-on-study', '69a59b7149a8325ae36b3132', '["Study","exam","result"]', 'https://cdn.stuhive.in/blogs/69a59b7149a8325ae36b3132/1772462174113-6a01d3d8-cover', 'blogs/69a59b7149a8325ae36b3132/1772462174113-6a01d3d8-cover', 5, 1, 32, 3, 0, 1772462175, 1773164057);
INSERT OR REPLACE INTO blogs (id, title, summary, content, slug, author_id, tags, cover_image, cover_image_key, rating, num_reviews, view_count, read_time, is_featured, created_at, updated_at) VALUES ('699c8c661a85946d89a3567a', 'GNIOT Greater Noida Review: Courses, Fees, Placements, Hostel & Admission Process', 'Explore GNIOT Greater Noida in this complete guide covering courses, fees, placements, campus life, and admissions. Discover program-wise insights, placement trends, recruiter details, and comparisons with nearby colleges to help you decide if GNIOT is the right choice for your career goals.', '## 📘 Introduction — A Brief Overview

GNIOT Group of Institutions (commonly known as **GNIOT Greater Noida**) is a private multi-disciplinary educational group established in **2001** in **Greater Noida, Uttar Pradesh**. It is one of the prominent institutions in the Delhi-NCR region offering engineering, management, pharmacy, professional and law programs. The institute is **AICTE-approved and affiliated with Dr. A.P.J. Abdul Kalam Technical University (AKTU)** and related bodies for specific programs. ([shikshababa.com][1])

The institute aims to provide “industry-aligned education” with an emphasis on practical training, corporate readiness and skill development. ([gniotgroup.edu.in][2])

![GNIOT Image](https://res.cloudinary.com/dmtnonxtt/image/upload/f_auto,q_auto/v1771867052/zzsefpgauhxjeirhi49f.jpg)
---
![GNIOT Image](https://res.cloudinary.com/dmtnonxtt/image/upload/f_auto,q_auto/v1771867052/wzoqaph5y8cyyjtx2ajo.webp)

---

## 🎓 Academic Structure & Courses

GNIOT offers a wide portfolio of courses at various levels:

### 🛠 Undergraduate (UG)

* **B.Tech** – Computer Science & Engineering (CSE), Information Technology (IT), Electronics & Communication (ECE), Mechanical, Civil and emerging specializations like AI & Machine Learning, Cyber Security. ([shikshababa.com][1])
* **BBA** – Business Administration. ([shikshababa.com][1])
* **BCA** – Computer Applications. ([shikshababa.com][1])
* **B.Pharm** and **D.Pharm** – Pharmacy programs. ([shikshababa.com][1])
* **Law programs** – BA LLB and LLB. ([shikshababa.com][1])

### 🎓 Postgraduate (PG)

* **MBA / PGDM** – Management studies. ([shikshababa.com][1])
* **M.Tech** – Engineering disciplines. ([shikshababa.com][1])
* **MCA** – Computer Applications. ([Shiksha][3])

📘 *Admissions*:

* **B.Tech admissions** are primarily through **JEE Mains / UPSEE counselling** followed by application on the institute portal. ([Careers360][4])
* **MBA/PGDM admissions** may consider national aptitude tests or institute criteria. ([Careers360][4])
* Law & other programs typically require meeting minimum eligibility marks and relevant entrance criteria. ([gniotgroup.edu.in][5])

---

## 💰 Fees & Financial Overview

The fee structure at GNIOT varies widely depending on the program:

### 📊 Approximate Fees (2025-2026)

| Program                                       | Estimated Fee (Total)                                                               |
| --------------------------------------------- | ----------------------------------------------------------------------------------- |
| **B.Tech** (4 yrs)                            | ₹6.5-7.05 lakh approx. ([Careers360][6])                                            |
| **PGDM/MBA**                                  | ₹8–8.5 lakh approx. ([MBAUniverse.com][7])                                          |
| **Other UG/PG programs** (BBA, BCA, MCA, Law) | ₹2.5–7 lakh range (varies by program). ([Collegedunia][8])                          |
| **Hostel (Optional)**                         | ₹1.48 lakh – ₹1.98 lakh (approx.), depending on room type. ([gniotgroup.edu.in][9]) |

💡 *Scholarships* are also offered based on merit and financial need (e.g., Krishan Lal Gupta Scholarship, academic incentive scholarships). ([Careers360][4])

---

## 🧠 Placement Insights — Latest Trends

### 🎯 Overall Placement Highlights (2024-25)

A combined placement picture from recent placement data shows:

📌 **Campus-wide placement figures**

* **Highest International package:** ~₹70 LPA
* **Highest Domestic package:** ~₹27.25 LPA
* **Average package:** ≈ ₹7.25 LPA
* **Recruiters:** TCS, Infosys, Accenture, Microsoft, Coforge, LG, Dell, HP, HCL, Bosch, Reliance and more. ([Collegedunia][10])

📊 *Placement Trend Snapshot*

| Year     | Highest Package | Average Package                    |
| -------- | --------------- | ---------------------------------- |
| **2024** | ~₹70 LPA        | ~₹7 LPA ([Collegedunia][10])       |
| **2023** | ~₹25 LPA        | ~₹6.5 LPA ([Times of College][11]) |

📌 **Branch-wise recruiter interest (approx)**

* CSE: ~189 companies visited
* IT: ~175
* ECE: ~112
* EE: ~62
* ME: ~56
* CE: ~41
* MCA: ~85
  (Data from placement tracker sources) ([Shiksha][3])

💡 *Note*: Placement stats can differ each year due to economic conditions and student performance.

---

## 📈 Program-specific Placement Reality

### 👨‍💻 B.Tech Placements

* Over **80-90%** of serious candidates secure placements, particularly in CSE/IT specializations. ([Shiksha][12])
* Top firms like Amazon, TCS, HCL, Microsoft hire on campus (with internship-to-job offers). ([Shiksha][12])
* Average placements can vary across branches and years.

### 💼 MBA/PGDM

* Reported **average packages for PGDM** are around ₹7.25 LPA with domestic and international offers near ₹12.5–23.3 LPA. ([Shiksha][13])
* Domain trends show strong recruitment in marketing, finance, and analytics.

### 📊 BBA / BCA

* Placement percentages vary but entry-level packages typically range ₹2.5-5 LPA depending on student skills and company size. ([Shiksha][3])

---

## 📍 Campus Facilities & Student Life

GNIOT’s campus includes:

✔ Modern academic infrastructure
✔ Computer & engineering labs
✔ Library, seminar halls and innovation cells
✔ Sports grounds & indoor facilities
✔ Hostels with fooding & lodging options
✔ Cultural & technical fests, industry workshops
✔ Active Training & Placement Department. ([Colleges18][14])

Student life often includes **tech clubs, cultural events, hackathons, sports meets and industry interactions** — beneficial for holistic development. ([gniotips.in][15])

---

## 📊 How GNIOT Compares with Nearby Colleges

Here’s a quick snapshot of how GNIOT stacks up against similar colleges in the same region (Delhi NCR):

| College                         | Average Package                 | Top Recruiters                | Strength                    |
| ------------------------------- | ------------------------------- | ----------------------------- | --------------------------- |
| **GNIOT Group of Institutions** | ~₹7.25 LPA ([Collegedunia][10]) | Accenture, Microsoft, Infosys | Strong industry tie-ups     |
| **GL Bajaj (Greater Noida)**    | ₹5-6 LPA (approx.)              | Mid-tier firms                | Balanced programs           |
| **NIET Noida**                  | ₹5-7 LPA                        | IT & core firms               | Popular private engineering |
| **IIMT Greater Noida**          | ₹4.5-6 LPA                      | Local recruiters              | Good regional network       |

*(Note: Figures are approximate and vary across sources and years)*

---

## 📝 Is GNIOT Worth It?

**Pros:**
✔ Good placement reach with top-tier recruiters. ([Collegedunia][10])
✔ Wide range of programs across disciplines. ([shikshababa.com][1])
✔ Decent campus infrastructure and industry exposure. ([Colleges18][14])
✔ Practical training & internships in many programs. ([gniotips.in][15])

**Considerations:**
⚠ Average packages vary by branch, student performance matters. ([Shiksha][3])
⚠ Competitive colleges may offer similar ROI depending on your domain.

**Best for:** Students focused on practical placements with industry exposure in NCR and willing to work on skills, projects and internships.

---

## 📌 Final Thoughts

GNIOT Group of Institutions remains a solid choice in the Delhi-NCR region due to its breadth of programs, increasing placement figures, industry connections, and campus ecosystem. Prospective students should weigh program-specific outcomes (especially branches like CSE and management) and consider personal goals, entrance exam scores, and career aspirations before finalizing.

---', 'gniot-greater-noida-review-courses-fees-placements-hostel-admission-process', '699b4b860c69efac7842364f', '["GNIOT"]', 'https://cdn.stuhive.in/blogs/699b4b860c69efac7842364f/1771867234525-c272cc99-cover', 'blogs/699b4b860c69efac7842364f/1771867234525-c272cc99-cover', 5, 1, 126, 5, 0, 1771867238, 1773164392);
INSERT OR REPLACE INTO blogs (id, title, summary, content, slug, author_id, tags, cover_image, cover_image_key, rating, num_reviews, view_count, read_time, is_featured, created_at, updated_at) VALUES ('699a081a7e073b488274cd44', 'How to Create **Elite-Tier StuHive Documents', 'Master the art of high-impact note-taking! ✍️✨ Learn how to structure, style, and polish your documents to become a top contributor on **StuHive** (stuhive.in). Turn your study notes into community gold! 💎📈 #Stuhive #StudyHacks', '# 💎 The Art of Documentation

## How to Create **Elite-Tier StuHive Documents**

So, you’ve decided to stop hoarding your knowledge and start sharing it on **StuHive**. That’s the first step toward becoming a **community legend** 🏆

But here’s the truth:

> ⚠️ **Not all notes are created equal.**

We’ve all seen those messy, “chicken-scratch” uploads that are impossible to read.
If you want your documents to be the **most downloaded, most liked, and most helpful**, you need a strategy.

Welcome to your masterclass on creating:

# 🚀📖 Elite-Tier StuHive Documents

---

# 🎨 Phase 1: Structure is Everything

A great document isn’t a wall of text.
It’s a **map for someone else’s brain**.

⏱️ If someone can’t find what they need in **5 seconds**, they’ll move on.

---

## 🏷️ 1. The Power Header

Start strong.

Include:

* **Subject**
* **Topic**
* **Unit**
* **Date**

> 📌 Example:
> `CS101: Data Structures – Binary Search Trees (Unit 3)`

---

## ⚡ 2. The “TL;DR” Summary

At the top of your document, add:

### 🔎 What will the reader learn?

* Key concept #1
* Key concept #2
* Key concept #3

This instantly boosts clarity and value.

---

## 🗂️ 3. Logical Hierarchy (Markdown is Your Best Friend)

Structure matters.

```markdown
# Main Topic
## Sub-Concept
### Supporting Detail
- Example
- Definition
```

Use:

* `#` for main topics
* `##` for subtopics
* Bullet points for clarity
* Short paragraphs

Clean structure = Professional feel.

---

# ✍️ Phase 2: Writing for Clarity

## (The “Explain Like I’m 5” Rule)

Your goal is not to sound like a textbook.

Your goal is to sound like a **smart friend** 🤝

---

## 🧠 1. Define Jargon

The first time you use a complex term:

> Binary Tree (a data structure where each node has at most two children)

Never assume the reader knows everything.

---

## 🎯 2. Use Active Voice

❌ *“The reaction was observed to be…”*
✅ *“The chemical reacts when…”*

Active voice = clearer + stronger.

---

## ❓ 3. The “Why” Factor

Don’t just drop formulas.

Explain:

* **When** to use it
* **Why** it matters
* **What problem it solves**

Example:

> Instead of writing `F = ma`, explain that it helps calculate the force applied to an object when mass and acceleration are known.

---

## 💡 Pro Tip

Add a section called:

# 🚨 Common Mistakes

This is where the real value lives.

Example:

* Confusing stack and queue behavior
* Forgetting base cases in recursion
* Mislabeling diagrams

Students love documents that save them from losing marks.

---

# 🌈 Phase 3: Visuals & Formatting (Eye Candy)

🧠 The brain processes images **60,000x faster** than text.

Use that power.

---

## 🖍️ 1. Bold for Impact

Use **bold** for:

* Definitions
* Formulas
* Key exam points

---

## 🎨 2. Color Coding

If using digital notes (Notion, GoodNotes, etc.):

* 🟢 Green → Examples
* 🔴 Red → Warnings
* 🔵 Blue → Definitions

Consistency makes your notes look elite.

---

## 📊 3. Diagrams > Paragraphs

Instead of writing 3 paragraphs, draw:

* Flowcharts
* Tables
* Comparison charts
* Labeled diagrams

Visual clarity = instant comprehension.

---

## 🌬️ 4. Use White Space

Don’t suffocate the page.

* Short paragraphs
* Line breaks
* Section dividers

Let the content breathe.

---

# 🛠️ Phase 4: Final Polish

## The Ultimate Upload Checklist

Before hitting **Upload**, ask:

### ✅ 1. Does It Flow?

Read it out loud.

### 📸 2. Is the Quality Clear?

If scanned:

* Good lighting?
* No shadows?
* Text sharp?

### 🔎 3. Is It Accurate?

Double-check:

* Formulas
* Dates
* Definitions

Accuracy builds reputation.

### 🏷️ 4. Add Smart Tags

Examples:

* `#Physics`
* `#Semester2`
* `#ExamPrep`
* `#DataStructures`

Help people find you.

---

# 🚀 Why Better Documents Matter

When you create high-quality uploads, you’re not just collecting likes.

You’re building:

* 🧠 Communication skills
* 📚 Information synthesis ability
* 💼 A professional-style portfolio
* 🌍 A personal brand

That skill is HUGE in the real world.

---

# 💎 The Bottom Line

Great documentation is not about writing more.

It’s about writing:

* Clearer
* Smarter
* More structured
* More useful

---

# 🏆 Ready to Become a Top Contributor?

Grab your favorite note-taking tool.
Apply this system.
Turn your study sessions into **community gold** 💎✨

---

# 📌 Hashtags

`#StudyTips` `#ContentCreation` `#StudentLife`
`#EffectiveLearning` `#NoteTaking101` `#EdTech`

---', 'how-to-create-elite-tier-stuhive-documents', '699a063a4e77e5813c143ae9', '["StudyTips","ContentCreation","StudentLife","EffectiveLearning"]', 'https://cdn.stuhive.in/blogs/699a063a4e77e5813c143ae9/1771702295883-346f2d2e-cover', 'blogs/699a063a4e77e5813c143ae9/1771702295883-346f2d2e-cover', 5, 1, 38, 4, 0, 1771702298, 1773170179);
INSERT OR REPLACE INTO blogs (id, title, summary, content, slug, author_id, tags, cover_image, cover_image_key, rating, num_reviews, view_count, read_time, is_featured, created_at, updated_at) VALUES ('699c911aef59bb5c94f35f46', 'Future of Web Development', 'The era of static, declarative websites is ending. We are rapidly moving past the "responsive" web and entering the **Agentic Web**—a paradigm where User Interfaces (UIs) are no longer just dumb terminals for databases, but active, intelligent agents that anticipate user needs.', '# 🚀 Future of Web Development  
## The Dawn of the **Agentic Web**

> *How Next.js 15 and React 19 are paving the way for autonomous user interfaces that think, act, and adapt in real-time.*

---

The era of static, declarative websites is fading.

We’ve already moved beyond simple responsive design. Now, we are stepping into something far more transformative:

# 🌐 The **Agentic Web**

A new paradigm where user interfaces are no longer passive layers over databases —  
they are **intelligent agents** capable of reasoning, adapting, and acting on behalf of users.

If you''re building with **Next.js 15** and **React 19**, you''re not just using new tools — you''re holding the architectural foundation of this shift.

---

# 🧠 What Is an Agentic Interface?

An **Agentic UI** does not wait for clicks.

It:

- Observes context
- Understands user intent
- Processes background data (via LLMs or AI services)
- Autonomously updates state
- Suggests or performs next actions

### Traditional UI:
User → Click → API → Database → Response → Render

### Agentic UI:
User Context → AI Reasoning → Self-Initiated Action → Adaptive UI → Continuous Feedback

Imagine:

- A dashboard that writes SQL queries automatically based on what you''re hovering over.
- A form that pre-fills itself intelligently after analyzing previous workflows.
- A project management board that reorganizes tasks based on detected urgency signals.

The UI becomes a **collaborator**, not a tool.

---

# ⚡ The Power of React 19 Actions

React 19 introduces a groundbreaking primitive: **Actions**.

Combined with Next.js 15 Server Components, Actions eliminate the need for traditional REST endpoints in many scenarios.

Instead of:

- Writing API routes
- Serializing requests
- Managing fetch calls
- Handling response parsing

You now define **server logic directly as callable functions**.

This creates:

- Secure server pipelines
- Zero-API architecture
- Reduced boilerplate
- Direct AI invocation from the UI

---

## Example: Autonomous Search Agent

Below is a simplified Smart Search component using `useActionState` in React 19.

```javascript
"use client";

import { useActionState } from "react";
import { generateAgenticResponse } from "@/actions/ai.actions";

export default function SmartSearch() {
  // React 19 Action State handling the AI stream
  const [state, formAction, isPending] = useActionState(generateAgenticResponse, null);

  return (
    <form action={formAction} className="relative flex items-center">
      <input 
        name="query" 
        placeholder="Ask the data agent..." 
        className="w-full bg-white/5 border border-white/10 rounded-xl p-4 text-white"
      />
      <button 
        disabled={isPending}
        className="absolute right-2 px-4 py-2 bg-cyan-500 rounded-lg text-black font-bold"
      >
        {isPending ? "Thinking..." : "Analyze"}
      </button>
    </form>
  );
}
```

### What’s Happening Here?

- The form submits directly to a **Server Action**
- No API route needed
- React manages pending and streaming states
- The AI can return partial results
- The UI updates incrementally

This is not just cleaner code.

It’s a **new data flow model**.

---

# 🏗️ Zero-API Architecture

Server Actions enable:

- Direct server function calls
- Automatic request serialization
- Built-in security boundaries
- Type-safe mutations
- Reduced attack surface

Your frontend talks directly to your reasoning engine.

No middle-layer glue required.

This dramatically simplifies:

- AI integrations
- Database mutations
- Background processing
- Event-triggered workflows

---

# 🌊 Streaming UIs

With React Server Components + Suspense streaming:

You can stream:

- Partial AI responses
- Entire component trees
- Dynamic UI sections generated by LLMs
- Real-time dashboards

Instead of waiting for a full payload:

The interface evolves progressively.

This creates:

- Lower perceived latency
- More human-like AI interaction
- Real-time reasoning visibility
- Adaptive layout rendering

---

# 📊 Traditional vs Agentic Paradigms

| Feature | Traditional Web App | Agentic Web App |
|----------|--------------------|-----------------|
| **User Interaction** | Explicit clicks | Implicit intent detection |
| **Data Flow** | REST / GraphQL | Direct Server Actions |
| **State Management** | Manual synchronization | AI-assisted adaptive state |
| **Error Handling** | Hardcoded UI states | AI-driven self-correction |
| **UI Generation** | Static components | Generative UI (GenUI) |
| **Personalization** | Rules-based | Contextual & predictive |
| **Latency Handling** | Loading spinners | Streaming UI updates |

---

# 🔄 Rethinking the Role of Developers

In the traditional model, developers:

- Wire buttons to APIs
- Connect APIs to databases
- Render results in components

In the Agentic model, developers:

- Design reasoning pipelines
- Define agent boundaries
- Orchestrate AI workflows
- Engineer context models
- Secure server/client execution layers

You move from:

> UI Implementer → AI Orchestrator

---

# 🧩 Core Architectural Shifts

## 1. Strict Server/Client Boundaries
Next.js 15 enforces clarity between:
- What runs securely on the server
- What runs interactively on the client

This separation is essential for AI workflows.

## 2. Mutation-First Thinking
Instead of fetching and mutating separately:
- Actions unify them
- State transitions become declarative

## 3. AI as Infrastructure
AI is no longer a bolt-on feature.
It becomes:

- A reasoning layer
- A decision engine
- A state transformer
- A UI generator

---

# 🛠 Building an Agentic Stack

To truly embrace the Agentic Web, consider layering:

### Layer 1 — UI
- React 19
- Server Components
- Suspense Streaming

### Layer 2 — Actions
- Server Actions
- Mutation pipelines
- Secure execution

### Layer 3 — Intelligence
- LLM reasoning
- Retrieval-augmented generation
- Context memory layers

### Layer 4 — Data
- Typed database access
- Event-driven architecture
- Real-time sync

---

# 🚀 Real-World Agentic Examples

- AI dashboards that auto-summarize metrics
- CRM systems that suggest next actions
- Coding assistants embedded directly into dev tools
- E-commerce stores that reconfigure layouts based on intent signals
- Analytics tools that generate queries without SQL knowledge

---

# 🎯 Designing for Agentic UX

Key design principles:

### 1. Progressive Intelligence
Don’t overwhelm users.
Let intelligence reveal itself gradually.

### 2. Transparent Reasoning
Show why actions were taken.
Trust is critical.

### 3. Interruptibility
Users must always override the agent.

### 4. Observable State
Expose AI thinking via streaming feedback.

---

# 🔐 Security Considerations

With great autonomy comes responsibility.

You must:

- Validate server inputs
- Sanitize AI-generated outputs
- Implement role-based action permissions
- Prevent prompt injection
- Log agent decisions

Agentic systems must be observable and auditable.

---

# 📈 The Competitive Advantage

Teams that adopt Agentic architecture early will benefit from:

- Faster feature iteration
- Reduced boilerplate
- Enhanced personalization
- AI-native user experiences
- Lower operational complexity

---

# 🔮 The Future Is Already Here

The Agentic Web isn''t theoretical.

It is emerging right now in:

- AI-native SaaS products
- Developer tooling
- Autonomous analytics platforms
- Smart collaboration systems

React 19 and Next.js 15 are not incremental upgrades.

They are the substrate for autonomous interfaces.

---

# 🌟 Final Thought

Stop thinking of your UI as:

> A surface layer over data.

Start thinking of it as:

> An intelligent collaborator.

The shift is architectural.  
The shift is conceptual.  
The shift is happening.

**Start building Agentic today.**', 'future-of-web-development', '699c8264f81f72bb6648c4cc', '["Web Dev"]', 'https://cdn.stuhive.in/blogs/699c8264f81f72bb6648c4cc/1771868439413-a328e61e-cover', 'blogs/699c8264f81f72bb6648c4cc/1771868439413-a328e61e-cover', 0, 0, 121, 6, 1, 1771868442, 1773209551);
INSERT OR REPLACE INTO blogs (id, title, summary, content, slug, author_id, tags, cover_image, cover_image_key, rating, num_reviews, view_count, read_time, is_featured, created_at, updated_at) VALUES ('699a09e17e073b488274cd85', 'jat community', 'The Jat community is a resilient agrarian group with deep roots in Northern India and Pakistan. Their legacy blends warrior traditions, democratic village life, and enduring contributions to agriculture and society.', '# 🛕🌾 The Jat Community: History, Culture, Identity & Legacy

The **Jat community** (also spelled *Jaat* or *Jatt*) is one of the most historically significant agrarian and martial communities of the Indian subcontinent. Spread across **North India and Pakistan**, the Jats have shaped regional politics, agriculture, military traditions, and rural governance for centuries.

Their story is one of **migration, resilience, farming excellence, and warrior pride** — woven deeply into the cultural fabric of **Punjab, Haryana, Rajasthan, Uttar Pradesh, Delhi, Sindh, and beyond**.

---

# 🌍 Origins and Migration

The origins of the Jat community are complex and debated among historians. Most scholarly references place their early presence in the **Indus Valley region**, particularly in present-day **Sindh and Southern Punjab**.

Over centuries:

* Originally pastoral and semi-nomadic groups in the **lower Indus valley**
* Gradually transitioned into settled agricultural communities
* Migrated northward and eastward during medieval times
* Established strong rural bases in:

  * **Punjab**
  * **Haryana**
  * **Rajasthan**
  * **Western Uttar Pradesh**
  * **Delhi region**
  * **Pakistani Punjab & Sindh**

These migrations were influenced by:

* Political shifts
* Invasions
* Agricultural opportunities
* Climatic changes

By the late medieval period, Jats had become a dominant agrarian community across the fertile plains of North India.

---

# 🛡️ Warrior Ethos and Political Power

Jats have historically been associated with a **strong martial identity**.

## ⚔️ Village Militias & Self-Defense

In earlier centuries:

* Village *panchayats* could mobilize able-bodied men for defense
* Communities organized themselves to resist external invasions
* Strong clan-based solidarity ensured collective protection

This created a reputation for:

* Fearlessness
* Physical endurance
* Loyalty to land and community

---

## 👑 The Rise of Jat Kingdoms

One of the most prominent political expressions of Jat power was:

## 🏰 Bharatpur State

![Image](https://res.cloudinary.com/dmtnonxtt/image/upload/v1771771180/otumt2shm0ncq6pzught.webp?purpose=fullsize\&v=1)

![Image](https://res.cloudinary.com/dmtnonxtt/image/upload/v1771771180/rizmkhnbgeqsr7m05zis.avif)

![Image](https://res.cloudinary.com/dmtnonxtt/image/upload/v1771771180/gjaqfhaxcjbczgyshhwd.webp\&w=1920)

![Image](https://res.cloudinary.com/dmtnonxtt/image/upload/v1771771181/nyfxbpsg5khvpqbrtl0n.webp)

* Founded in the 18th century
* Ruled by the **Sinsinwar Jat dynasty**
* Famous ruler: **Maharaja Suraj Mal**
* Capital: Bharatpur (Rajasthan)
* Strong fortifications like *Lohagarh Fort*

The kingdom successfully resisted powerful empires and became a symbol of **Jat political assertion and strategic strength**.

---

# 🌾 Agriculture: The Heart of Jat Identity

More than warriors, Jats are historically recognized as **exceptional cultivators**.

## 🚜 Farming Excellence

They are known for:

* Mastery over canal irrigation systems
* Intensive wheat, sugarcane, and mustard cultivation
* Strong landownership traditions
* Adaptation to Green Revolution technologies

In states like:

* **Punjab**
* **Haryana**
* **Western Uttar Pradesh**

Jats played a central role in making these regions the **agricultural backbone** of India.

---

## 🏡 Rural Governance & Panchayat System

One defining feature of Jat villages:

> 🗳️ Preference for **collective and elected leadership** over hereditary rule.

Village governance often emphasized:

* Community decision-making
* Clan councils (Khap panchayats in some regions)
* Collective land and social responsibility

This created a culture of:

* Assertiveness
* Equality among landholders
* Strong social cohesion

---

# ✨ Culture, Language & Traditions

The Jat community is not religiously or linguistically uniform. It spans multiple regions and faiths.

## 🗣️ Languages Spoken

* Hindi
* Haryanvi
* Punjabi
* Rajasthani
* Sindhi
* Urdu

---

## 🛐 Faith Diversity

Jats belong to multiple religions:

* **Hinduism**
* **Sikhism**
* **Islam**

This diversity highlights that Jat identity is primarily **ethno-cultural and regional**, not confined to a single religion.

---

## 💃 Folk Culture & Rural Lifestyle

![Image](https://res.cloudinary.com/dmtnonxtt/image/upload/v1771771180/c0fhkguk65jo4gsbqcvp.webp)

![Image](https://res.cloudinary.com/dmtnonxtt/image/upload/v1771771180/lin8cdl0gzghp2wcdsvh.webp?purpose=fullsize\&v=1)

![Image](https://res.cloudinary.com/dmtnonxtt/image/upload/v1771771181/fkatuwud35766uzygejg.webp?purpose=fullsize\&v=1)

![Image](https://res.cloudinary.com/dmtnonxtt/image/upload/v1771771180/jykorqoiazu7n5hlhkps.webp?purpose=fullsize\&v=1)

Cultural markers include:

* Traditional dances like **Ghoomar**
* Baisakhi harvest celebrations in Punjab
* Distinct rural attire (turbans, kurta-dhoti)
* Strong emphasis on honor (*izzat*)
* Deep clan-based kinship networks

Community identity is often tied to:

* Land
* Ancestral villages
* Clan names (Gotras)

---

# 🏛️ Contributions to Society

The Jat community has significantly influenced North Indian social, political, and economic structures.

## 🌾 1. Agricultural Leadership

* Key contributors to India’s Green Revolution
* Major landholding agrarian group
* Sustaining rural economies for centuries

---

## 🪖 2. Military Service

Jats have served prominently in:

* Regional armies
* Colonial-era regiments
* Post-independence armed forces

Their martial tradition continues in modern defense services.

---

## 🏛️ 3. Political Influence

In states like:

* Haryana
* Rajasthan
* Uttar Pradesh
* Punjab

Jat leaders have played influential roles in:

* State governance
* Farmers’ movements
* Rural policy advocacy

---

# 📚 Social Characteristics

Commonly associated traits (as described in sociological literature):

* Strong sense of independence
* Direct communication style
* High value placed on land ownership
* Emphasis on physical strength and endurance
* Collective honor and reputation

However, like all communities, Jats are **diverse and internally varied**, and modern generations are engaged in:

* Education
* Business
* Government services
* Urban professions
* Entrepreneurship

---

# 🌏 Presence in India & Pakistan

Today, Jats are found in:

🇮🇳 India:

* Punjab
* Haryana
* Rajasthan
* Uttar Pradesh
* Delhi

🇵🇰 Pakistan:

* Punjab
* Sindh

They remain an integral part of rural and semi-urban society in both countries.

---

# 📌 Key Takeaways

* The Jat community is a **historically significant agrarian and martial group**.
* Their identity blends:

  * 🌾 Agricultural excellence
  * 🛡️ Warrior traditions
  * 🗳️ Democratic rural governance
* They are religiously diverse and regionally widespread.
* Their legacy continues to influence politics, farming, and cultural life in **North India and Pakistan**.

---

# 💬 Final Reflection

The story of the Jats is not just about land or battles.

It is about:

* Community solidarity
* Adaptation through centuries
* Pride in heritage
* And an enduring rural backbone of the subcontinent

Their history reflects the broader story of North India itself — resilient, agricultural, community-driven, and fiercely self-respecting.

---

# 🔖 Hashtags

#JatCommunity
#JattPride
#IndianHistory
#PunjabHistory
#HaryanaCulture
#RajasthanHeritage
#RuralIndia
#AgrarianCommunities
#SouthAsianHistory
#IndoPakHeritage
#WarriorTradition
#VillageLife
#CulturalLegacy
#SocialHistory
#IndianSociety

---
', 'jat-community', '6999fc77ad89c11a7aa8b053', '["JatCommunity","jattPride","IndianHistory","PunjabHistory","HaryanaCulture"]', 'https://cdn.stuhive.in/blogs/6999fc77ad89c11a7aa8b053/1771702751219-132f88d1-cover', 'blogs/6999fc77ad89c11a7aa8b053/1771702751219-132f88d1-cover', 0, 0, 91, 5, 0, 1771702753, 1772119168);
INSERT OR REPLACE INTO blogs (id, title, summary, content, slug, author_id, tags, cover_image, cover_image_key, rating, num_reviews, view_count, read_time, is_featured, created_at, updated_at) VALUES ('699a04ed380809e00fc5b0d5', 'The Power of Collaborative Learning: Why Sharing Notes Matters', 'Unlock the secret to academic success! 🚀 Discover why sharing notes on **StuHive** (stuhive.in) boosts your brainpower, fills knowledge gaps, and builds a global learning community. 📚✨🤝 #StudySmart', '# 🚀 The Ultimate Guide to Collaborative Learning: Why Your Notes are a Goldmine! 💎📖

In the traditional classroom or corporate training room, we were often taught that "knowledge is power" and that we should keep our best insights to ourselves to stay ahead. **Well, the world has changed.** 🌍✨

In the modern era, **shared knowledge is the real superpower.** The concept of **Collaborative Learning** has shifted from a "nice-to-have" study group activity to a fundamental pillar of academic and professional success. When we share our notes, we aren''t just giving away information—we are building a collective brain. 🧠🤝

---

## 🔥 The Deep Psychology: Why Sharing Notes Makes YOU Smarter

It sounds counterintuitive, doesn''t it? Giving away your hard-earned notes should make you less competitive. **Wrong.** Here is why sharing is the ultimate "selfish" act for your own growth:

### 1. The Protégé Effect (The Teacher’s Edge) 🎓

When you know someone else is going to read your notes, you subconsciously work harder. You organize better, you check your facts, and you simplify complex jargon. This process—preparing to teach or inform others—forces your brain to encode information into long-term memory. 🧠💾

### 2. Radical Gap Analysis 🔍

Have you ever looked at a peer''s notes and realized you completely misinterpreted a key concept?

* **Scenario A:** You study alone, walk into the exam with a wrong idea, and fail. ❌
* **Scenario B:** You share notes on a platform like **Peerlox**, someone points out a discrepancy, and you fix it before it matters. ✅

### 3. Cognitive Diversity & "Aha!" Moments 💡

Everyone’s brain filters information differently.

* **The Visualizer:** Draws flowcharts and diagrams. 🎨
* **The Auditor:** Captures exact quotes and nuances. 🎙️
* **The Analyst:** Breaks everything down into bullet points and data. 📊
By pooling these different "filters," the group gains a 360-degree understanding that no single individual could achieve.

---

## 🛠️ Revolutionizing the Way We Study: Meet StuHive 🚀

If you’re looking for the perfect ecosystem to practice collaborative learning, you need to check out **StuHive**.

**[StuHive (stuhive.in)](https://www.google.com/search?q=https://stuhive.in)** is more than just a file-sharing site; it is a specialized platform designed to bridge the gap between those who *have* knowledge and those who *need* it. In a world of scattered Google Drive links and messy WhatsApp groups, Peerlox provides a structured, searchable, and high-quality library of community-driven insights.

### 🌟 Why Peerlox is the Future of Learning:

* **Centralized Wisdom:** No more digging through 500 emails for that one PDF. Everything is organized at **[stuhive.in](https://www.google.com/search?q=https://stuhive.in)**. 📂
* **Quality Over Quantity:** The community vets the best resources, ensuring you aren''t wasting time on "fluff." ⭐
* **Bridging the Accessibility Gap:** Not everyone can attend every lecture or buy every textbook. Sharing on Peerlox levels the playing field for students everywhere. ⚖️

---

## 📈 The Benefits Beyond the Classroom

Collaborative learning doesn''t stop after graduation. In the professional world, this is called **Knowledge Management**. By practicing note-sharing now, you are developing "Soft Skills" that are highly prized by top-tier employers:

* **Curating Information:** The ability to take a mess of data and make it readable.
* **Community Building:** Leading a group toward a common goal.
* **Generosity of Spirit:** Being the "go-to" person who adds value to the team.

---

## ✍️ How to Write "Share-Ready" Notes (The Gold Standard)

If you''re ready to start uploading to **[stuhive.in](https://www.google.com/search?q=https://stuhive.in)**, keep these tips in mind to make your notes the most popular on the platform:

1. **Use Hierarchy:** Use `#` for headings and `*` for bullets. Make it scannable! 📑
2. **Color Code:** Use emojis or bold text to highlight **Definitions**, **Formulas**, and **Exam Tips**. 🌈
3. **The "So What?" Factor:** Don''t just record facts. Explain *why* they matter. ❓
4. **Add Visuals:** A quick snapshot of a hand-drawn graph can be worth a thousand words. 📸

---

## ✨ Final Verdict: Don''t Be a Knowledge Hoarder!

The "Lone Wolf" dies, but the "Pack" survives. By contributing your notes to the collective, you are participating in a global movement of open education. You learn faster, remember longer, and help someone else succeed in the process. It’s a win-win-win. 🏆🏆🏆

**Ready to make an impact?** Don''t let your notes gather digital dust in a forgotten folder. Give them a second life and help a fellow learner today.

👉 **Visit [stuhive.in](https://www.google.com/search?q=https://stuhive.in) and start sharing your brilliance with the world!** 🚀🌐

---

#Education #LearningCommunity #StudyInspiration #Peerlox #NotesSharing #StudentSuccess #FutureOfLearning #EdTechIndia

---
', 'the-power-of-collaborative-learning-why-sharing-notes-matters', '6999fe84ad6b48a9d9b2a766', '["Education","LearningCommunity","NotesSharing"]', 'https://cdn.stuhive.in/blogs/6999fe84ad6b48a9d9b2a766/1771701484453-70c5e862-cover', 'blogs/6999fe84ad6b48a9d9b2a766/1771701484453-70c5e862-cover', 0, 0, 38, 4, 0, 1771701485, 1773214792);
INSERT OR REPLACE INTO blogs (id, title, summary, content, slug, author_id, tags, cover_image, cover_image_key, rating, num_reviews, view_count, read_time, is_featured, created_at, updated_at) VALUES ('699b69e92500372ae8a82108', '🚀 The Renaissance of Digital Creativity: Why the Internet Is Entering Its Golden Era', 'We’re entering a new golden era of digital creativity. From the rise of the creator economy to AI as a powerful partner, opportunity has never been more accessible. Discover why depth, community, and bold action matter more than ever—and how you can start building today on StuHive.', '# 🚀 The Renaissance of Digital Creativity: Why the Internet Is Entering Its Golden Era

**Published on StuHive** | Exploring ideas that shape tomorrow

---

## 🌍 Introduction: A Quiet Revolution

We are living in a time where digital creativity is no longer limited to designers, coders, or large media houses. Today, anyone with a device and an internet connection can build, create, influence, and innovate.

But here’s the real question:

> Are we just consuming more content — or are we entering a new golden era of human creativity?

Let’s explore.

---

## 🎨 1. The Rise of the Creator Economy

**Creativity is no longer a hobby. It''s an economy.**

The traditional gatekeepers are fading. Platforms now allow individuals to:

* 📹 Launch video channels
* 🎙️ Start podcasts
* ✍️ Publish blogs
* 💻 Build SaaS products
* 🛍️ Sell digital goods

What once required a full company can now be started from a bedroom.

### Why This Matters

| Then                  | Now                |
| --------------------- | ------------------ |
| Need funding first    | Start with an idea |
| Wait for approval     | Publish instantly  |
| Build audience slowly | Go viral overnight |

The barrier to entry has collapsed — and that changes everything.

---

## 🤖 2. AI as a Creative Partner (Not a Replacement)

Artificial Intelligence is often misunderstood. It’s not here to replace imagination — it’s here to amplify it.

Think of AI as:

* 🧠 A brainstorming assistant
* ✍️ A drafting partner
* 📊 A data analyzer
* 🎯 A productivity accelerator

### The Shift in Skillsets

**Old model:**
Learn technical skill → Produce output

**New model:**
Learn thinking + prompting → Direct intelligent tools → Produce enhanced output

**The real competitive advantage is no longer execution alone — it''s clarity of thought.**

---

## 🌐 3. Community Is the New Currency

We are moving from audience-building to community-building.

An audience listens.
A community participates.

### Signs You’re Building a Community

* 💬 Conversations happen without you
* 🤝 Members collaborate with each other
* 🔁 Content is shared organically
* ❤️ Feedback improves your platform

For platforms like StuHive, this is critical. The future belongs to ecosystems, not just websites.

---

## 📚 4. The Return of Depth in a Short-Form World

While short-form content dominates attention, something interesting is happening:

> Long-form, thoughtful content is becoming premium.

People crave:

* Clarity in chaos
* Depth in noise
* Insight over trends

That’s where comprehensive blogging thrives.

**When everyone is fast, depth becomes rare. When depth becomes rare, it becomes valuable.**

---

## 💡 5. The New Digital Skill Stack

If you want to thrive in this era, focus on mastering:

### Core Skills

* 🧠 Critical Thinking
* ✍️ Writing Clearly
* 🎥 Visual Communication
* 📈 Digital Strategy

### Meta Skills

* 🔄 Adaptability
* 📚 Continuous Learning
* 🤝 Collaboration
* 🧩 Systems Thinking

---

## 🔥 6. The Opportunity Window (Right Now)

Every digital era has an “open frontier” phase:

* Early bloggers (2005–2012)
* Early YouTubers (2010–2016)
* Early crypto builders (2016–2021)
* Early AI-native creators (Now)

We are still early in this new wave.

**The biggest mistake you can make right now is waiting to feel ready.**

---

## 🛠️ Practical Action Plan

Here’s a simple framework to start:

### Step 1: Pick a Niche

Choose a topic where:

* You’re curious
* You can stay consistent
* You can provide unique insight

### Step 2: Publish Weekly

Consistency > Perfection

### Step 3: Improve in Public

Document:

* What you learn
* What you build
* What fails

### Step 4: Build Interaction

Ask questions.
Run polls.
Invite collaboration.

---

## 🌅 Final Thoughts: The Internet Is Still Young

It might feel saturated.
It might feel competitive.
It might feel overwhelming.

But remember:

**Every major creator once published their first awkward post.**

The tools are better.
The reach is bigger.
The opportunity is wider than ever.

The only question left is:

> What will you create?

---

## 💬 What Do You Think?

Drop your thoughts below:

* Are we in a golden era?
* Or is digital burnout real?
* What are you building right now?

---

*Written for StuHive — where ideas grow, connect, and evolve.*

#DigitalCreativity #CreatorEconomy #AIRevolution #ContentCreation
#Blogging #OnlineBusiness #Innovation #CommunityBuilding
#PersonalGrowth #FutureOfWork #TechTrends #StuHive
', 'the-renaissance-of-digital-creativity-why-the-internet-is-entering-its-golden-era', '699b4b860c69efac7842364f', '["DigitalCreativity","StuHive","AIRevolution"]', 'https://cdn.stuhive.in/blogs/699b4b860c69efac7842364f/1771792872358-896ea67a-cover', 'blogs/699b4b860c69efac7842364f/1771792872358-896ea67a-cover', 0, 0, 19, 4, 0, 1771792873, 1772123192);
INSERT OR REPLACE INTO blogs (id, title, summary, content, slug, author_id, tags, cover_image, cover_image_key, rating, num_reviews, view_count, read_time, is_featured, created_at, updated_at) VALUES ('699b46ba6c94bb089b7f7368', 'The 90-Day Academic Comeback Plan', 'Turn your semester around in just 90 days. 🚀 This practical comeback plan helps you rebuild focus, master high-impact study habits, reduce stress, and boost your grades—without burnout. Small daily wins, smart systems, and the right mindset can transform your academic performance.', '# 🎓🔥 The 90-Day Academic Comeback Plan

## How to Turn an Average Semester Into Your Best One Yet

---

## ✨ Introduction

Ever felt like a semester is slipping away?

* Missed assignments piling up
* Concepts not fully clear
* Motivation dropping
* Exams getting closer

You’re not alone.

The good news?

> 🎯 **90 days is enough to completely transform your academic performance.**

This blog gives you a practical, realistic, and powerful system to reset your focus, rebuild discipline, and dramatically improve your results.

No unrealistic 12-hour study routines.
No toxic productivity advice.
Just smart strategy.

---

# 🧠 Step 1: Reset Your Mindset (Week 1)

Before changing your schedule, change your thinking.

## 🚫 Stop Saying:

* “I’m bad at math.”
* “I can’t focus.”
* “It’s too late now.”

## ✅ Start Saying:

* “I haven’t mastered this yet.”
* “I can improve with structure.”
* “Small progress daily is enough.”

Academic growth is a **skill-building process**, not a talent test.

---

## 📊 Do a Reality Audit

Take 1 hour and write:

* Subjects you’re struggling with
* Upcoming deadlines
* Weak topics
* Internal marks weightage
* Attendance status

Clarity reduces anxiety.

---

# 📅 Step 2: Design a 3-Layer Study System

Instead of random studying, build a structure.

---

## 🔹 Layer 1: Daily Power Hour

Every day:

* 25 minutes focused study
* 5 minutes break
* Repeat 2–3 cycles

Use this for:

* Concept building
* Difficult chapters
* Practice problems

Consistency > Intensity.

---

## 🔹 Layer 2: Weekly Deep Work (3–4 Hours)

Once a week:

* Revise all topics studied
* Solve PYQs (Previous Year Questions)
* Update notes
* Identify weak areas

This prevents last-minute panic.

---

## 🔹 Layer 3: Monthly Mock Simulation

At the end of each month:

* Attempt full-length mock tests
* Analyze mistakes
* Track improvement

This builds exam stamina and confidence.

---

# 📚 Step 3: Study Smart, Not Just Hard

## 🎯 Focus on High-Weightage Topics

Ask seniors or check previous papers:

* Which chapters repeat?
* Which units carry more marks?

Master those first.

---

## 🧾 Create One-Page Summary Sheets

For every chapter:

* Key formulas
* Important definitions
* Diagrams
* Common mistakes

These become your final revision weapons.

---

# ⚡ Step 4: Upgrade Your Productivity

## 📵 Eliminate Silent Distractions

* Turn off notifications
* Study in airplane mode
* Keep phone in another room

Even 5 notifications per hour destroy focus.

---

## ⏳ Use the 2-Minute Rule

If a task takes less than 2 minutes:

* Do it immediately.

Build momentum.

---

## 🎧 Create a Study Trigger

Use:

* Same desk
* Same playlist
* Same time

Your brain will automatically shift into focus mode.

---

# 🏋️ Step 5: Protect Your Energy

Academic performance = Mental energy × Focus.

---

## 😴 Sleep Is Non-Negotiable

* 7–8 hours daily
* No late-night scrolling

Memory consolidation happens during sleep.

---

## 🥗 Eat for Brain Performance

* Stay hydrated
* Reduce junk food
* Include protein & fruits

Small habits. Big impact.

---

## 🏃 Move Your Body

Even 20 minutes of walking improves:

* Concentration
* Mood
* Memory

---

# 🧩 Step 6: Master Exam Psychology

Exams are not just knowledge tests.

They are emotional tests.

---

## 🧘 Control Anxiety

Before exam:

* Deep breathing (4-4-4 method)
* Visualize success
* Avoid last-minute comparison

---

## 📝 Write Strategically

* Attempt easy questions first
* Underline keywords
* Structure answers clearly
* Leave space between points

Presentation matters.

---

# 🚀 What Happens After 90 Days?

If you follow this system consistently:

* 📈 Grades improve
* 🧠 Concepts become clearer
* 😌 Stress reduces
* 🎯 Confidence increases
* 🔥 Self-discipline strengthens

You stop feeling behind.
You start feeling in control.

---

# 💬 Final Thoughts

A comeback doesn’t require:

* Studying 14 hours daily
* Quitting social life
* Burning out

It requires:

* Consistency
* Smart systems
* Honest self-review
* Daily small wins

Remember:

> 🎓 Your semester isn’t decided by how it started —
> It’s decided by how you respond.

Start today.
Not next Monday.
Not next month.

Today.

---

# 🔖 Hashtags

#StudentLife
#AcademicSuccess
#StudyMotivation
#CollegeTips
#ExamPrep
#ProductivityForStudents
#DisciplineEqualsFreedom
#FocusMode
#SmartStudy
#SelfImprovement
#StudyRoutine
#UniversityLife
#CampusSuccess
#YouthGrowth
#MindsetMatters

---
', 'the-90-day-academic-comeback-plan', '6999f1a6335e35fbefd6dd9f', '["CollegeTips","ExamPrep"]', 'https://cdn.stuhive.in/blogs/6999f1a6335e35fbefd6dd9f/1771783864708-dde26ca2-cover', 'blogs/6999f1a6335e35fbefd6dd9f/1771783864708-dde26ca2-cover', 0, 0, 41, 4, 0, 1771783866, 1773228481);
INSERT OR REPLACE INTO blogs (id, title, summary, content, slug, author_id, tags, cover_image, cover_image_key, rating, num_reviews, view_count, read_time, is_featured, created_at, updated_at) VALUES ('699c894b4dd5f4931b2d7d6f', '# 🌟 Discovering Galgotias University, Greater Noida: A Hub of Learning, Innovation & Campus Life', 'Galgotias University, located in Greater Noida, is a leading private institution offering diverse programs in engineering, management, law, and more. Known for modern infrastructure, strong placements, and vibrant campus life, it focuses on innovation, research, and industry-oriented learning.', '# 🌟 Discovering Galgotias University, Greater Noida: A Hub of Learning, Innovation & Campus Life

Located in **Greater Noida, Uttar Pradesh, India**, Galgotias University has steadily carved its place as a modern and aspirational destination for higher education. Spread across a lush and sprawling campus of around **52 acres**, this institution blends academic rigor with vibrant campus life, industry connections, and a diverse student community. ([Shiksha][1])

---

## 🎓 Academic Vision & Offerings

Galgotias University offers a **wide spectrum of undergraduate, postgraduate, and doctoral programs** across disciplines such as Engineering, Law, Business, Computer Science, Artificial Intelligence, Hospitality, Pharmacy, Media & Communication, and much more. ([Galgotias University][2])

Admissions are typically **exam- and merit-based**, using national or university-specific entrance tests like JEE Main, CUET, CLAT, and others. ([Aubsp][3])

The university prides itself on preparing students for the *global job market*, emphasizing **practical learning**, internships, and industry exposure right from the early semesters. ([Galgotias University][4])

---

## 🏆 Rankings & Recognitions

Galgotias University has earned recognition both in India and internationally. Recent rankings include:

* Positioned in the **Times Higher Education World University Rankings** and recognized among the **top universities in India**. ([Galgotias University][5])

Such credentials reflect its growing reputation for research, sustainable development initiatives, and commitment to quality education. ([Galgotias University][5])

---

## 🏫 Campus & Facilities

One of the stand-out features of Galgotias University is its **modern and well-equipped campus** designed to support holistic learning:

### 📚 Academic & Research Facilities

* Fully Wi-Fi campus with modern laboratories and **technology-enabled classrooms**. ([Shiksha][1])
* A rich library with **1.3 lakh+ books**, e-resources, and access to online journals. ([Shiksha][1])
* Seminar halls, conference facilities, and dedicated research spaces. ([Shiksha][1])

### 🏠 Student Life & Amenities

* **Separate hostels** for boys and girls with essential amenities and security systems. ([Zollege][6])
* Wide range of **sports and recreational facilities** including courts, fields, and indoor spaces. ([Shiksha][1])
* Cafeterias, health centers, and transport services for day-to-day student needs. ([Galgotias University][2])

### 🌱 Campus Culture

The university encourages students to engage beyond classrooms — be it through clubs, tech and cultural fests, leadership forums, or entrepreneurial ventures. ([Galgotias University][7])

---

## 💼 Placements & Industry Tie-ups

Galgotias works closely with corporate partners to build strong **placement opportunities**. As of the latest data:

* Over **1200+ recruiters visit campus** yearly. ([Galgotias University][4])
* Average packages and top offers reflect industry relevance and student preparedness. ([Galgotias University][4])
* Students benefit from **internships, workshops, and career-oriented sessions** that support real-world readiness. ([Galgotias University][4])

---

## 🌍 Student Diversity & Community

What makes Galgotias truly dynamic is its **diverse student body** — representing nearly 28 states and multiple cultural backgrounds. ([Galgotias University][7])

This melting pot of ideas fosters a supportive environment where students grow not just academically but socially and personally.

---

## 🧠 Challenges & Conversations

Like any large institution, Galgotias University has also been part of public discussions, including recent scrutiny over tech showcases at events like the India AI Impact Summit — sparking wider conversations about innovation transparency. ([Navbharat Times][8])

These moments highlight how universities today navigate **public scrutiny, student expectations, and academic credibility** in a digital era.

---

## 🌟 Final Thoughts

Galgotias University stands as a vibrant educational hub — combining ambitious academic programs, robust infrastructure, and a spirited student community. Whether you’re considering engineering, business, law, or creative fields, Galgotias offers resources and opportunities to grow, connect, and prepare for the future.

In the ever-evolving landscape of higher education in India, it continues to shape its identity — aspiring to blend tradition with innovation for a new generation of learners. ([Shiksha][1])

---', 'discovering-galgotias-university-greater-noida-a-hub-of-learning-innovation-campus-life', '699c8264f81f72bb6648c4cc', '["Galgotias University"]', 'https://cdn.stuhive.in/blogs/699c8264f81f72bb6648c4cc/1771866440229-0f560687-cover', 'blogs/699c8264f81f72bb6648c4cc/1771866440229-0f560687-cover', 0, 0, 39, 3, 0, 1771866443, 1773240193);
INSERT OR REPLACE INTO blogs (id, title, summary, content, slug, author_id, tags, cover_image, cover_image_key, rating, num_reviews, view_count, read_time, is_featured, created_at, updated_at) VALUES ('699b6dfa2500372ae8a82150', ' 🚀 The Creator Economy in 2026: How to Build a Profitable Digital Brand from Scratch', 'Learn how to build a profitable digital brand in 2026. Discover SEO strategies, monetization models, and creator economy trends that drive real growth.', '# 🚀 The Creator Economy in 2026: How to Build a Profitable Digital Brand from Scratch

**SEO Guide for Entrepreneurs, Creators & Digital Builders**

---

## 📌 Introduction

The **creator economy in 2026** is no longer a trend — it’s a full-scale digital revolution. With AI tools, global distribution platforms, and remote-first business models, anyone can build a profitable online brand from scratch.

But ranking on Google and building sustainable income requires strategy — not just content.

In this comprehensive guide, you’ll learn:

* ✅ What the creator economy really means
* ✅ How to start a digital brand from zero
* ✅ SEO strategies that rank on Google
* ✅ Monetization models that work in 2026
* ✅ Common mistakes to avoid

Let’s dive in.

---

## 🌍 What Is the Creator Economy?

The **creator economy** refers to independent individuals who monetize content, expertise, or digital products online.

It includes:

* Bloggers
* YouTubers
* Podcasters
* Course creators
* Digital product sellers
* Newsletter operators
* AI-assisted creators

In 2026, the difference between a “creator” and an “entrepreneur” is almost nonexistent.

**Creators are the new digital businesses.**

---

## 🔎 Why the Creator Economy Is Growing Fast

### 1. AI Has Reduced Entry Barriers

AI tools now help with:

* Content creation
* Graphic design
* Video editing
* SEO optimization
* Data analysis

You no longer need a full team to launch.

### 2. Remote Work Is Normal

People want location freedom and income independence.

### 3. Niche Communities Are Thriving

Micro-communities outperform mass audiences.

---

## 🏗️ Step-by-Step: How to Build a Profitable Digital Brand

### Step 1: Choose a Profitable Niche

Your niche should meet 3 criteria:

1. **Demand** – People actively search for it
2. **Monetization Potential** – Courses, services, affiliates
3. **Longevity** – Not just a short trend

**High-demand niches in 2026:**

* AI productivity
* Personal finance
* Remote work systems
* Health optimization
* Digital marketing

---

### Step 2: Build Your Content Foundation

To rank on Google, you need:

* Pillar content (2,000+ word guides)
* Supporting articles
* Internal linking
* Clear structure

Example content hierarchy:

```
Main Guide: Creator Economy 2026
 ├── How to Monetize as a Creator
 ├── Best AI Tools for Creators
 ├── SEO for Beginners
 └── Passive Income Strategies
```

---

## 📈 SEO Strategy That Actually Ranks

If you want Google indexing and long-term traffic, follow this:

### 1️⃣ Keyword Research

Target:

* Long-tail keywords
* Low competition phrases
* Search intent-based queries

Example:

* “How to start a digital brand in 2026”
* “Best AI tools for content creators”
* “How to make money in the creator economy”

---

### 2️⃣ On-Page SEO Checklist

* ✔ Keyword in title
* ✔ Keyword in first 100 words
* ✔ Proper H1, H2, H3 structure
* ✔ Meta description optimized
* ✔ Internal links
* ✔ Fast-loading page
* ✔ Mobile optimized

---

### 3️⃣ Write for Humans First

Google’s algorithm prioritizes:

* Helpful content
* Depth
* Expertise
* User engagement

**SEO is no longer about tricks. It’s about value.**

---

## 💰 Monetization Models That Work in 2026

Here are proven revenue streams:

### 1. Digital Products

* E-books
* Templates
* Notion systems
* Online courses

### 2. Affiliate Marketing

Promote tools your audience already needs.

### 3. Premium Community

Private access groups with exclusive value.

### 4. Consulting & Services

Turn your knowledge into high-ticket offers.

---

## ⚠️ Common Mistakes Beginners Make

* ❌ Posting without strategy
* ❌ Ignoring SEO structure
* ❌ Copying competitors
* ❌ Quitting too early
* ❌ Focusing only on followers, not value

---

## 🔥 Advanced Strategy: Build Authority Signals

To dominate Google rankings:

* Publish consistently
* Get backlinks from niche sites
* Build email subscribers
* Improve dwell time
* Update old content regularly

Google rewards relevance and freshness.

---

## 📊 The Long-Term Play

Most people underestimate this:

> Blogging is compound growth.

Your first 3 months may feel slow.
Your first 10 articles may get little traffic.

But at 50+ quality posts?
You build momentum.

At 100+ optimized articles?
You build authority.

---

## 🎯 Final Thoughts

The creator economy in 2026 is the biggest opportunity for independent builders.

But success requires:

* Strategic content
* SEO fundamentals
* Consistency
* Monetization clarity

**The best time to start building your digital brand was yesterday. The second-best time is today.**

---

## 🏷️ SEO Tags

```markdown
#CreatorEconomy2026 #DigitalBranding #SEO2026 #MakeMoneyOnline  
#BloggingTips #OnlineBusiness #PassiveIncome #ContentMarketing  
#AIForCreators #Entrepreneurship
```', 'the-creator-economy-in-2026-how-to-build-a-profitable-digital-brand-from-scratch', '699b4b860c69efac7842364f', '["CreatorEconomy2026","SEO2026"]', 'https://cdn.stuhive.in/blogs/699b4b860c69efac7842364f/1771793911512-153f829e-cover', 'blogs/699b4b860c69efac7842364f/1771793911512-153f829e-cover', 0, 0, 92, 4, 0, 1771793914, 1773243299);
INSERT OR REPLACE INTO blogs (id, title, summary, content, slug, author_id, tags, cover_image, cover_image_key, rating, num_reviews, view_count, read_time, is_featured, created_at, updated_at) VALUES ('699c44302b327d00658ce618', '🚀 The Rise of Artificial Intelligence in 2026: How AI Is Transforming Everyday Life', 'Artificial Intelligence in 2026 is transforming everyday life—from healthcare and smartphones to business and transportation. AI boosts productivity, improves decision-making, and personalizes experiences, while raising ethical concerns. Adapting to AI trends is essential to thrive in the rapidly evolving digital world.', '# 🚀 The Rise of Artificial Intelligence in 2026: How AI Is Transforming Everyday Life

---

## 📌 Introduction

Artificial Intelligence (AI) is no longer just a futuristic concept — it’s reshaping how we work, shop, communicate, learn, and even think. From smart assistants to self-driving cars, AI has become a powerful force in everyday life.

In this blog, we’ll explore:

* What AI is
* How AI works
* Real-life AI applications
* Benefits and risks
* Future trends in AI
* How to prepare for the AI-driven world

---

## 🤖 What Is Artificial Intelligence?

Artificial Intelligence refers to machines or software systems that simulate human intelligence processes such as:

* Learning
* Reasoning
* Problem-solving
* Understanding language
* Recognizing patterns

Major AI breakthroughs are powered by companies like:

* OpenAI
* Google
* Microsoft
* NVIDIA

---

## 🧠 How AI Works (Simple Explanation)

AI systems work using:

1. **Machine Learning (ML)** – Learning from data
2. **Deep Learning** – Neural networks that mimic the human brain
3. **Natural Language Processing (NLP)** – Understanding human language
4. **Computer Vision** – Recognizing images and videos

Example:
When you ask a chatbot a question, it analyzes language patterns and predicts the most relevant response.

---

## 🌍 Real-Life Applications of AI in 2026

### 1️⃣ AI in Smartphones

![Image](https://res.cloudinary.com/dmtnonxtt/image/upload/v1771848306/qpy6wfunaj94arsl7ujp.jpg?purpose=fullsize\&v=1)

![Image](https://res.cloudinary.com/dmtnonxtt/image/upload/v1771848305/ajzksbal8wxzdplisemx.jpg?purpose=fullsize\&v=1)

![Image](https://res.cloudinary.com/dmtnonxtt/image/upload/v1771848305/ck905rapy5pvtm0htb0a.webp)

![Image](https://res.cloudinary.com/dmtnonxtt/image/upload/v1771848306/ddfn6xudhfadpzhxao0r.jpg)

* Face recognition unlock
* AI-powered cameras
* Smart voice assistants
* Real-time language translation

---

### 2️⃣ AI in Healthcare

![Image](https://res.cloudinary.com/dmtnonxtt/image/upload/v1771848650/h15y8ryedvv8qjd4wvvg.webp)

![Image](https://res.cloudinary.com/dmtnonxtt/image/upload/v1771848587/zbamh5ywcaztea7avofx.jpg)

![Image](https://res.cloudinary.com/dmtnonxtt/image/upload/v1771848587/agopirsufbsnn6ek0wiw.webp?auto=format%2Ccompress\&fit=max\&q=70\&w=1200)

![Image](https://res.cloudinary.com/dmtnonxtt/image/upload/v1771848587/zs8wnc9muq1gs6mpqtsb.jpg)

AI is helping doctors:

* Detect cancer early
* Analyze X-rays and MRI scans
* Predict disease risks
* Assist robotic surgeries

---

### 3️⃣ AI in Business & Marketing

* Customer support chatbots
* Personalized product recommendations
* Data-driven marketing strategies
* Automated content generation

---

### 4️⃣ AI in Transportation

Companies like Tesla are leading innovation in:

* Self-driving cars
* Traffic optimization
* Smart navigation systems

---

## 📈 Benefits of Artificial Intelligence

✔ Increased productivity
✔ Faster decision-making
✔ Improved healthcare outcomes
✔ Better customer experience
✔ Cost reduction for businesses

AI reduces repetitive tasks and allows humans to focus on creativity and strategic thinking.

---

## ⚠️ Risks and Concerns of AI

Despite its advantages, AI raises concerns:

* Job automation & unemployment
* Data privacy issues
* Bias in algorithms
* Over-dependence on machines

Ethical AI development is becoming a global priority.

---

## 🔮 Future Trends in AI (2026–2030)

Experts predict:

* AI-powered virtual employees
* Smarter AI companions
* AI-generated movies and games
* Autonomous logistics networks
* AI-integrated smart cities

The AI market is expected to grow exponentially over the next decade.

---

## 🧑‍💻 How to Prepare for the AI Future

If you want to stay ahead:

* Learn AI basics
* Develop digital skills
* Explore automation tools
* Stay updated with AI trends
* Consider careers in AI-related fields

Popular AI career paths:

* AI Engineer
* Data Scientist
* Machine Learning Engineer
* AI Product Manager

---

## 🎯 Final Thoughts

Artificial Intelligence is not replacing humans — it is transforming how humans operate.

Those who adapt will thrive.

The AI revolution is already here. The real question is:

**Are you ready for it?**

---

### 📌 SEO Keywords Included:

Artificial Intelligence 2026, AI trends, AI in healthcare, AI in business, AI future, Machine Learning, Deep Learning, AI applications, AI benefits, AI risks

---', 'the-rise-of-artificial-intelligence-in-2026-how-ai-is-transforming-everyday-life', '699b4b860c69efac7842364f', '["Artificial Intelligence 2026","Machine Learning"]', 'https://cdn.stuhive.in/blogs/699b4b860c69efac7842364f/1771848748798-15b4f5d7-cover', 'blogs/699b4b860c69efac7842364f/1771848748798-15b4f5d7-cover', 5, 1, 59, 3, 0, 1771848752, 1773268213);
INSERT OR REPLACE INTO blogs (id, title, summary, content, slug, author_id, tags, cover_image, cover_image_key, rating, num_reviews, view_count, read_time, is_featured, created_at, updated_at) VALUES ('699c47362b327d00658ce642', '🌿 Slow Living in 2026: Why Everyone Is Choosing a Simpler, Happier Life', 'Slow Living in 2026 is a growing lifestyle trend focused on mindfulness, balance, and simplicity. As digital burnout rises, people are choosing calmer routines, minimalist spaces, and meaningful connections. It’s about reducing stress, setting boundaries, and living intentionally for a happier, healthier life.
', '# 🌿 Slow Living in 2026: Why Everyone Is Choosing a Simpler, Happier Life

---

## 📌 Introduction

In 2026, one of the fastest-rising lifestyle search trends is **Slow Living**.

In a world filled with constant notifications, endless scrolling, packed schedules, and productivity pressure, people are craving something different:

> **Calm. Clarity. Control.**

Search terms like *“how to reduce stress naturally,” “digital detox routine,”* and *“simple living lifestyle”* have surged dramatically. More individuals are intentionally slowing down to create meaningful, peaceful lives.

But what exactly is slow living? And why is it becoming a global movement?

Let’s explore.

---

## 🌸 What Is Slow Living?

Slow living is not about laziness or avoiding ambition.

It is about:

* Living intentionally
* Reducing mental clutter
* Prioritizing what truly matters
* Creating space for joy
* Choosing presence over pressure

The philosophy gained global attention through books like **Digital Minimalism** and the work of **Cal Newport**, who emphasize focused living in a distracted world.

At its core:

> Slow living is about doing fewer things — better.

---

# 🌍 Why Slow Living Is Trending in 2026

---

## 1️⃣ Digital Burnout Is Real

![Image](https://res.cloudinary.com/dmtnonxtt/image/upload/v1771849150/h3arg4xbxxilx1b4glfx.jpg?purpose=fullsize\&v=1)

![Image](https://res.cloudinary.com/dmtnonxtt/image/upload/v1771849157/riqv9lnomjwbbxarkjwb.jpg?purpose=fullsize\&v=1)

![Image](https://res.cloudinary.com/dmtnonxtt/image/upload/v1771849150/nk5ip9mw7afyudjwoad8.jpg?purpose=fullsize\&v=1)

![Image](https://res.cloudinary.com/dmtnonxtt/image/upload/v1771849149/waeo0vynuootuciglbse.webp)

The average adult now spends several hours daily on screens. With constant social media comparison, news cycles, and digital noise, burnout has become common.

People report:

* Anxiety and mental fatigue
* Sleep disruption
* Shortened attention spans
* Constant comparison stress

This has fueled the rise of:

* Digital detox weekends
* Notification-free mornings
* Screen-free evenings

Slow living offers a reset from overstimulation.

---

## 2️⃣ The Rise of Mindful Productivity

![Image](https://res.cloudinary.com/dmtnonxtt/image/upload/v1771849150/e4duvi6p7txepe6fs5br.jpg)

![Image](https://res.cloudinary.com/dmtnonxtt/image/upload/v1771849149/xndz3ydind1zhxmjjrsm.jpg?purpose=fullsize\&v=1)

![Image](https://res.cloudinary.com/dmtnonxtt/image/upload/v1771849150/mrt1e8jh4rhghueisesj.jpg?purpose=fullsize\&v=1)

![Image](https://res.cloudinary.com/dmtnonxtt/image/upload/v1771849149/le5qgfd54kxzqkdokiwl.webp)

The hustle culture of the 2010s has started fading.

Instead of glorifying being “busy,” people now value:

* Deep focus
* Intentional scheduling
* Realistic goals
* Rest without guilt

Mindful productivity is about working smarter — not longer.

People are replacing:

❌ Multitasking
❌ 24/7 availability
❌ Burnout cycles

With:

✅ Focus blocks
✅ Rest days
✅ Clear priorities

---

## 3️⃣ Minimalist Home Aesthetic

![Image](https://res.cloudinary.com/dmtnonxtt/image/upload/v1771849157/johx13qdutiieb02lqqc.jpg?purpose=fullsize\&v=1)

![Image](https://res.cloudinary.com/dmtnonxtt/image/upload/v1771849150/uwhfgbnhjtlfm23brhhy.jpg?purpose=fullsize\&v=1)

![Image](https://res.cloudinary.com/dmtnonxtt/image/upload/v1771849157/wujg61qifyxydhrfyxve.jpg?purpose=fullsize\&v=1)

![Image](https://res.cloudinary.com/dmtnonxtt/image/upload/v1771849150/tnynpgjy1xtksjabmem2.jpg?purpose=fullsize\&v=1)

Home environments strongly affect mental health.

Influenced partly by **Marie Kondo**, many people now:

* Declutter unused items
* Choose neutral, calming colors
* Use natural materials (wood, cotton, linen)
* Keep only meaningful possessions

Minimal spaces reduce visual stress and improve mental clarity.

---

# 🧘‍♀️ Core Principles of Slow Living

---

## 🌿 1. Intentional Living

Ask yourself:

* Does this align with my values?
* Is this necessary?
* Does this bring peace or pressure?

Living intentionally means making conscious choices rather than reacting automatically.

---

## 🕰 2. Protecting Your Time

Time is the most valuable resource.

Slow living encourages:

* Saying “no” more often
* Limiting overcommitment
* Avoiding unnecessary obligations

Boundaries create freedom.

---

## 📵 3. Digital Boundaries

Small digital habits create massive mental shifts:

* No phone first 30 minutes of the day
* Social media time limits
* Removing non-essential apps
* Turning off push notifications

Mental clarity improves dramatically.

---

## 💛 4. Meaningful Relationships

Instead of endless online interaction, slow living promotes:

* Deep conversations
* Face-to-face connection
* Quality time without distractions

Presence strengthens bonds.

---

## 🌞 5. Daily Rituals

Slow living thrives on small rituals:

* Morning tea without scrolling
* Evening walks
* Journaling before bed
* Cooking meals slowly

These micro-moments build emotional stability.

---

# 💡 Benefits of Slow Living

People who adopt slow living often experience:

✔ Reduced stress levels
✔ Improved sleep quality
✔ Better emotional regulation
✔ Increased productivity
✔ Stronger relationships
✔ Higher life satisfaction

Ironically, by slowing down, many people achieve **more meaningful results**.

---

# 🏡 How to Start Slow Living Today

You don’t need to change your entire life overnight.

Start small.

---

## Step 1: Create a Calm Morning

* Avoid your phone for 30 minutes
* Drink water
* Stretch or breathe deeply
* Plan your day intentionally

---

## Step 2: Declutter One Space

Choose:

* Your desk
* Your wardrobe
* Your kitchen counter

Remove anything unnecessary.

---

## Step 3: Schedule Offline Hours

Choose at least:

* 1 hour daily
  OR
* One full digital detox day per week

Protect this time.

---

## Step 4: Replace Scrolling With Rituals

Instead of social media:

* Read 10 pages
* Take a walk
* Cook mindfully
* Journal thoughts

Small shifts compound.

---

# 🔮 The Future of Slow Living

By 2030, lifestyle analysts predict:

* 4-day workweeks becoming more common
* Remote flexibility expanding
* Wellness-first communities growing
* Purpose-driven careers rising

Success is being redefined.

From:

🏆 Status
🏎 Speed
💰 Overwork

To:

🌿 Balance
💛 Fulfillment
🕊 Freedom

---

# 🎯 Final Thoughts

Slow living is not about escaping modern life.

It’s about living it with awareness.

In a world moving faster every year, choosing to slow down may be the boldest and smartest decision you can make.

---

# 📌 SEO Keywords Included

Slow living 2026, minimalist lifestyle, digital detox routine, mindful productivity, simple living trends, work life balance 2026, slow morning routine, wellness lifestyle movement

---', 'slow-living-in-2026-why-everyone-is-choosing-a-simpler-happier-life', '699b4b860c69efac7842364f', '["lifestyle","Slow living 2026"]', 'https://cdn.stuhive.in/blogs/699b4b860c69efac7842364f/1771849524639-c6b311a8-cover', 'blogs/699b4b860c69efac7842364f/1771849524639-c6b311a8-cover', 0, 0, 102, 5, 0, 1771849526, 1773273043);
INSERT OR REPLACE INTO blogs (id, title, summary, content, slug, author_id, tags, cover_image, cover_image_key, rating, num_reviews, view_count, read_time, is_featured, created_at, updated_at) VALUES ('699b7da41b878a17c4be181e', '🛒 Welcome to WishZep – Your Ultimate Online Shopping Destination', 'WishZep, founded by Aditya Choudhary, is a modern e-commerce platform offering a wide range of products with secure payments, fast delivery, and hassle-free returns. Shop fashion, electronics, home essentials, and more — all in one convenient, reliable online store.', '# 🛒 Welcome to WishZep – Your Ultimate Online Shopping Destination

**Website:** [https://wishzep.shop](https://wishzep.shop)

In today’s fast-paced world, shopping shouldn’t be complicated. That’s why **WishZep** was created — a modern e-commerce platform that brings your favorite products right to your fingertips, combining convenience, variety, and a seamless shopping experience.

From electronics to fashion, home essentials to lifestyle products, **WishZep** makes online shopping simple, enjoyable, and reliable.

---

## 🌟 The Story Behind WishZep

Founded and developed by **Aditya Choudhary**, WishZep began with a vision:

> “To create an online marketplace that is not just about buying products, but about creating a delightful experience for every shopper.”

Aditya’s passion for technology and customer-centric design inspired the platform. He wanted a store that combines **wide product selection, user-friendly interface, and fast delivery**, so customers can focus on enjoying their purchases instead of worrying about the process.

![Aditya Choudhary](https://res.cloudinary.com/dmtnonxtt/image/upload/w_400,f_auto,q_auto/v1771760208/ycmuivb92hyqwqrwkaoi.webp)
**Aditya Choudhary** – Founder & Developer of WishZep

---

## 🎯 Our Mission

To make online shopping **simple, reliable, and enjoyable** for everyone.

WishZep exists to:

* Provide a **wide range of products** for every need
* Ensure a **smooth, secure, and fast shopping experience**
* Offer **affordable pricing and great deals**
* Build **trust and transparency** with every customer

---

## 💡 Features That Make WishZep Stand Out

### 🛍️ Extensive Product Selection

From fashion and electronics to home essentials and lifestyle products, find everything you need under one roof.

### ⚡ Fast & Reliable Delivery

We prioritize quick and safe delivery, ensuring your orders reach you on time.

### 💳 Secure Payment Options

Multiple secure payment gateways, including UPI, credit/debit cards, and net banking, for a worry-free checkout experience.

### 🔄 Easy Returns & Exchanges

Customer satisfaction is our priority. Hassle-free returns and exchanges make shopping stress-free.

### 🔔 Personalized Recommendations

WishZep uses smart tools to suggest products you’ll love, saving time and helping you discover new favorites.

### 🎁 Seasonal Offers & Discounts

Exciting deals for festivals, special occasions, and everyday shopping — making every purchase rewarding.

---

## 🌍 Why Choose WishZep?

Online shopping is more than convenience — it’s about trust and experience. WishZep delivers:

* **User-friendly interface** for easy browsing
* **Responsive customer support** to answer all queries
* **Verified products** ensuring quality and reliability
* **A platform built by passionate developers** focused on customer delight

---

## 🚀 The Vision for the Future

WishZep aims to become a **global online shopping destination**, expanding product categories, integrating innovative features, and providing an even more personalized shopping experience.

Every feature, every update, every improvement is designed to make **shopping easier, faster, and more enjoyable**.

---

## 💌 Join the WishZep Family

Whether you’re shopping for essentials, gifts, or something special for yourself, **WishZep** is your trusted online destination.

Visit 👉 [https://wishzep.shop](https://wishzep.shop)
Explore. Discover. Shop. Experience.

---

# 📌 SEO Details

**Suggested URL Slug:**
`/about-wishzep-ecommerce`

**Meta Description:**
WishZep, founded by Aditya Choudhary, is a modern e-commerce platform offering a wide range of products, secure payments, fast delivery, and a seamless shopping experience.

---

# 🏷️ Tags

```id="1hxazb"
WishZep, Aditya Choudhary, online shopping, e-commerce platform, secure payments, fast delivery, product marketplace, online store, lifestyle products, fashion, electronics
```

---', 'welcome-to-wishzep-your-ultimate-online-shopping-destination', '699b4b860c69efac7842364f', '["Wishzep","e-commerce"]', 'https://cdn.stuhive.in/blogs/699b4b860c69efac7842364f/1771797921039-7d40e2bb-cover', 'blogs/699b4b860c69efac7842364f/1771797921039-7d40e2bb-cover', 0, 0, 44, 3, 0, 1771797924, 1773116343);
INSERT OR REPLACE INTO blogs (id, title, summary, content, slug, author_id, tags, cover_image, cover_image_key, rating, num_reviews, view_count, read_time, is_featured, created_at, updated_at) VALUES ('699c671016b773e29d6b3c6b', 'The "Metro-Morphosis": A Survival Guide to the 2026 Delhi NCR Commute', 'The Delhi NCR commute in 2026 is a "Metro-Morphosis." From the "door-dance" at Rajiv Chowk to the digital dead zones near Chhattarpur, navigating the city is an art. It’s a mix of 5G glitches, high-speed connectivity, and the shared hustle that binds Noida, Gurugram, and Delhi into one quirky family.', '# The "Metro-Morphosis": A Survival Guide to the 2026 Delhi NCR Commute

If you live in Delhi NCR, your day doesn''t start with your first sip of *chai*. It starts the moment you check the "Namo Bharat" schedule or calculate if the 5G signal on the Magenta Line will hold up for your morning Zoom call.

By 2026, the NCR has become a giant, interconnected web—a sprawling techno-jungle where the pincode changes, but the vibe remains consistently chaotic. Whether you’re a Cyber City corporate warrior, a Noida Sector 62 techie, or a South Delhi creative, we are all undergoing a **Metro-Morphosis**.

### 1. The Art of the "Silent Door-Dance"

The platform at Rajiv Chowk or Hauz Khas isn''t just a transit point; it’s a high-stakes theater. By 2026, the "brute force" push of the 2010s has evolved into a sophisticated, unspoken choreography.

* **The Veteran Move:** You know exactly which floor tile aligns with the door that stops closest to the "Escalator Up" sign. You’ve calculated the physics of the crowd to be the first one on—without breaking a sweat.
* **The RRTS Revolution:** With the **Namo Bharat (Delhi-Meerut)** corridor now fully operational as of February 2026, "far" is a relative term. You can now finish a podcast episode and find yourself in a different city entirely.

### 2. The 5G "Dead Zones" and Digital Survival

We’ve become spoiled by 1Gbps speeds. We expect to stream 4K video while hurtling through a tunnel. Yet, the universe likes to keep us humble.

* **The Bermuda Triangle:** There’s always that one stretch—between **Chhattarpur and Sultanpur**, or the dip on **NH-48**—where the internet simply ceases to exist.
* **The Loading Screen of Reality:** Commuters call this "The Void." It’s the designated three minutes of the day for accidental eye contact and realizing that the guy next to you is wearing two different colored socks.

### 3. The "Blinkit-fication" of the Indian Kitchen

In 2026, the local *Kirana* store is still there, but our brains have been rewired by **Quick Commerce**.

* **The 7-Minute Panic:** We no longer "plan" meals. We start the *tadka* and then realize we’re out of jeera. No problem—Blinkit or Zepto will have it at your door before the oil starts smoking.
* **The Tech Shadow:** Our kitchens are now managed by "Dark Stores." We’ve traded the joy of picking out our own vegetables for the thrill of a countdown timer on a screen.

### 4. The Nightlife Cold War: Gurgaon vs. Noida

The battle for the "Party Capital" title has reached a fever pitch.

* **Gurgaon’s Glamour:** Places like **Phantom** and **Manhattan Bar & Brewery** continue to dominate with high-energy neon vibes and craft beer. It’s loud, flashy, and unapologetically expensive.
* **Noida’s Ascent:** With the **Jewar Airport** impact and the new **Sector 142 to Botanical Garden** metro extension, Noida is no longer the "quiet sibling." New experiential bars in Sector 144 and global cafes like **Roastery Coffee House** in Noida Extension are giving G-Town a run for its money.

### 5. Humidity vs. High-Fashion: The NCR Summer Battle

Delhi''s 45°C heat is a constant, but by 2026, "Linen-Tech" is the official uniform.

* **The Underground Oasis:** That specific millisecond when you step from the 45-degree heat into the 22-degree blast of the Metro AC? That is the closest thing to a religious experience most of us will ever have. It’s better than a spa; it’s survival.

---

### The Final Verdict: The NCR Hustle

Living in Delhi NCR isn''t just about a location; it’s a psychological state. It’s the ability to find a hidden gem of a *Chole Bhature* stall sitting right in the shadow of a multi-billion dollar AI startup office.

**Next time you’re stuck in traffic on the DND Flyway, just remember: you’re not just a commuter. You are a survivor of the greatest urban experiment on earth.**

---', 'the-metro-morphosis-a-survival-guide-to-the-2026-delhi-ncr-commute', '699b4b860c69efac7842364f', '["Delhi Ncr"]', 'https://cdn.stuhive.in/blogs/699b4b860c69efac7842364f/1771858320522-375102d3-cover', 'blogs/699b4b860c69efac7842364f/1771858320522-375102d3-cover', 0, 0, 51, 4, 0, 1771857680, 1773275430);
INSERT OR REPLACE INTO blogs (id, title, summary, content, slug, author_id, tags, cover_image, cover_image_key, rating, num_reviews, view_count, read_time, is_featured, created_at, updated_at) VALUES ('699a0c01f0d9d148760973c9', '# 🧠 Top AI Study Tools for Indian College Students', 'Discover AI tools that help Indian students study smarter, manage their time better, and prepare for exams', '# 🤖📚 AI Study Tools for Indian Students

## How Artificial Intelligence Is Transforming College Learning in India

---

# ✨ Introduction

Artificial Intelligence (AI) is no longer futuristic — it’s already transforming how students study across India.

From apps that generate **instant revision summaries** to tools that solve **complex engineering math**, AI is making learning:

* ⚡ Faster
* 🎯 More personalized
* 🧠 Smarter
* 📊 More efficient

Whether you''re preparing for:

* Semester exams
* Competitive exams (GATE, CAT, UPSC, SSC, JEE, NEET)
* College assignments
* Coding interviews
* Research projects

AI-powered tools can dramatically improve your productivity.

---

## 🚀 Why AI Is a Game-Changer for Students

AI tools help you:

* ✅ Understand difficult concepts faster
* ✅ Break down complex topics into simpler explanations
* ✅ Generate summaries for quick revision
* ✅ Manage your time more effectively
* ✅ Practice smarter using adaptive learning
* ✅ Prepare for exams with greater confidence

Instead of studying *harder*, you start studying *smarter*.

Let’s explore the **top AI-powered study tools popular among Indian college students**.

---

# 🧠 1. Smart Memorization Tools

## 🔹 Quizlet & Anki

### 📌 Use Case:

* Flashcards
* Spaced repetition
* Long-term memory retention

---

## 💡 Why It Works

Both Quizlet and Anki use **spaced repetition algorithms**.

That means:

> The AI calculates the *perfect time* to show you a flashcard again — just before you forget it.

This strengthens memory retention scientifically.

---

## 🎯 Best For:

* 📖 Medical students memorizing anatomy
* 📚 Law students learning case names
* 🧮 Commerce students revising definitions
* 📝 Competitive exam aspirants

---

## ✅ Advantages

* Improves long-term retention
* Reduces last-minute cramming
* Customizable decks
* Works great for daily revision

---

# 📄 2. AI-Powered PDF Assistants

## 🔹 ChatPDF

### 📌 Use Case:

* Understanding lecture PDFs
* Asking questions directly from textbooks
* Quick revision

---

## 💡 Why It Works

Instead of scrolling through 100 pages of notes:

1. Upload your PDF
2. Ask questions like:

   * “Explain this chapter in simple terms”
   * “Summarize Unit 3”
   * “What are the key formulas?”

It acts like a **personal tutor trained only on your material**.

---

## ✅ Advantages

* Saves hours of manual searching
* Simplifies difficult explanations
* Perfect before exams
* Helps understand dense research papers

---

# 📐 3. Advanced Math & Science Solver

## 🔹 WolframAlpha

### 📌 Use Case:

* Algebra
* Calculus
* Statistics
* Differential equations
* Engineering mathematics

---

## 💡 Why It Works

WolframAlpha doesn’t just give answers.

It provides:

* Step-by-step solutions
* Graphs
* Mathematical breakdowns
* Concept explanations

It’s extremely useful for:

* B.Tech students
* Physics majors
* Data science learners

---

## ✅ Advantages

* Teaches the process, not just the result
* Excellent for exam preparation
* Reduces conceptual confusion

---

# 💻 4. AI for Coders

## 🔹 GitHub Copilot

### 📌 Use Case:

* Coding assignments
* Learning new programming languages
* Debugging
* Building projects

---

## 💡 Why It Works

Copilot integrates directly into your code editor.

As you type, it:

* Suggests entire lines of code
* Autocompletes functions
* Recommends best practices
* Explains unfamiliar syntax

It’s like having a **senior developer sitting beside you**.

---

## 🎯 Best For:

* CSE & IT students
* Hackathon participants
* Internship preparation
* Final-year projects

---

## ✅ Advantages

* Speeds up coding dramatically
* Reduces syntax errors
* Helps learn frameworks faster
* Encourages experimentation

---

# ✍️ 5. AI Writing Assistant

## 🔹 Grammarly

### 📌 Use Case:

* Essays
* Research papers
* Emails
* SOPs
* Internship applications

---

## 💡 Why It Works

Grammarly goes beyond spell-check.

It improves:

* Grammar
* Clarity
* Tone
* Formality
* Sentence structure

For Indian students applying abroad or writing research papers, this is extremely helpful.

---

## ✅ Advantages

* Real-time suggestions
* Improves confidence in writing
* Enhances academic professionalism
* Saves editing time

---

# 🔍 6. AI Research Assistants

## 🔹 Scite.ai & Elicit

### 📌 Use Case:

* Literature reviews
* Academic paper discovery
* Citation tracking
* Research proposals

---

## 💡 Why It Works

Instead of searching manually through Google Scholar:

These tools:

* Find relevant research papers
* Show citation relationships
* Summarize key findings
* Highlight whether studies support or contradict each other

---

## 🎓 Best For:

* Master’s students
* PhD scholars
* Final-year dissertations
* Research internships

---

## ✅ Advantages

* Saves hours of manual searching
* Improves research depth
* Helps build stronger arguments
* Identifies credible sources

---

# 🧩 How to Integrate AI Into Your Study Routine

Here’s a smart workflow:

1. 📚 Learn topic in class
2. 📄 Use ChatPDF to summarize
3. 🧠 Create flashcards in Anki
4. 📐 Solve practice questions using WolframAlpha
5. ✍️ Use Grammarly for assignments
6. 💻 Use Copilot for coding tasks
7. 🔍 Use Scite/Elicit for research

This creates a **complete AI-powered learning ecosystem**.

---

# ⚠️ Important Reminder

AI is a tool.

It is NOT:

* A shortcut to skip learning
* A replacement for critical thinking
* A substitute for practice

Use AI to:

* Enhance understanding
* Clarify confusion
* Improve efficiency

Not to copy blindly.

---

# 🎯 Final Thoughts

AI is leveling the academic playing field.

By leveraging these tools, Indian students can:

* ⏳ Save time
* 😌 Reduce stress
* 📈 Improve grades
* 🧠 Strengthen conceptual clarity
* 🚀 Become future-ready professionals

The students who learn how to use AI *wisely* today will have a massive advantage tomorrow.

---

# 🔖 Hashtags

#AIForStudents
#IndianStudents
#EdTechIndia
#StudySmart
#CollegeLifeIndia
#ProductivityHacks
#ExamPrep
#CompetitiveExams
#EngineeringStudents
#MedicalStudents
#UPSCPreparation
#GATE2026
#CodingLife
#ResearchTools
#StudentSuccess
#DigitalLearning
#FutureOfEducation

---', 'top-ai-study-tools-for-indian-college-students', '699a063a4e77e5813c143ae9', '["AIForStudents","IndianStudents","EdTechIndia","StudySmart","CollegeLifeIndia","ProductivityHacks","ExamPrep","CompetitiveExams","EngineeringStudents","MedicalStudents","UPSCPreparation #GATE2026","CodingLife","ResearchTools","StudentSuccess","DigitalLearning","FutureOfEducation"]', 'https://cdn.stuhive.in/blogs/699a063a4e77e5813c143ae9/1771703295539-966b6594-cover', 'blogs/699a063a4e77e5813c143ae9/1771703295539-966b6594-cover', 0, 0, 234, 5, 0, 1771703297, 1773286382);
INSERT OR REPLACE INTO blogs (id, title, summary, content, slug, author_id, tags, cover_image, cover_image_key, rating, num_reviews, view_count, read_time, is_featured, created_at, updated_at) VALUES ('699b6fa72500372ae8a82179', '🔥 10 Explosive Trending Topics in 2026 You Can Turn Into a Profitable Online Business', 'Discover the top 10 trending topics in 2026 you can turn into a profitable online business. From AI automation and digital products to remote work systems and personal branding, this guide reveals high-growth niches, SEO angles, and smart monetization strategies to build sustainable income online.
', '# 🔥 10 Explosive Trending Topics in 2026 You Can Turn Into a Profitable Online Business

**Future-Proof Ideas for Creators, Bloggers & Digital Entrepreneurs**

---

## 📌 Introduction

If you want to grow fast online in 2026, one thing matters more than anything else:

> 🎯 **Choosing the right trend at the right time.**

The internet rewards early movers. The creators who spot shifts before they become mainstream often dominate search rankings, build authority, and monetize faster.

In this guide, you’ll discover:

* ✅ The hottest trending topics in 2026
* ✅ Why they’re growing
* ✅ How to monetize each one
* ✅ SEO angles you can rank for

Let’s explore the opportunities.

---

## 🤖 1. AI Automation for Solopreneurs

### Why It’s Trending

AI is no longer just for content writing. In 2026, creators are using AI to:

* Automate customer service
* Build AI agents
* Run marketing workflows
* Analyze audience data
* Create digital products

Small teams are now operating like full companies.

### Monetization Ideas

* AI workflow templates
* Automation consulting
* YouTube tutorials
* Paid AI tool directories
* Online courses

### SEO Angles

* “Best AI tools for solopreneurs 2026”
* “How to automate your online business with AI”

---

## 💰 2. Micro-Investing & AI-Driven Personal Finance

### Why It’s Trending

Gen Z and Millennials prefer:

* Automated investing
* AI-powered financial planning
* Fractional assets
* Passive wealth systems

Finance content continues to dominate search traffic.

### Monetization Ideas

* Affiliate partnerships with fintech apps
* Budget templates
* Investment courses
* Private finance communities

### SEO Angles

* “How to invest with AI in 2026”
* “Best micro-investing apps”

---

## 🧠 3. Mental Performance & Brain Optimization

### Why It’s Trending

With remote work and digital overload, people want:

* Better focus
* Higher productivity
* Improved memory
* Reduced stress

Biohacking is moving mainstream.

### Monetization Ideas

* Digital planners
* Focus system templates
* Supplement affiliate marketing
* Productivity coaching

### SEO Angles

* “How to improve focus naturally”
* “Brain optimization strategies 2026”

---

## 🌱 4. Sustainable Digital Living

### Why It’s Trending

Consumers care about:

* Ethical brands
* Low-waste lifestyles
* Eco-friendly business models

Even digital entrepreneurs are marketing sustainability.

### Monetization Ideas

* Eco lifestyle blog
* Sustainable product reviews
* Green business consulting
* Affiliate partnerships

### SEO Angles

* “How to build a sustainable online business”
* “Eco-friendly digital products”

---

## 🧑‍💻 5. Remote Work Systems & Digital Nomad Tools

### Why It’s Trending

Remote work is permanent.

People search for:

* Best productivity tools
* Remote job boards
* Location-independent income ideas

### Monetization Ideas

* Notion productivity systems
* Travel gear affiliate blog
* Digital nomad newsletter
* Remote work coaching

### SEO Angles

* “Best tools for remote workers 2026”
* “How to become a digital nomad”

---

## 📦 6. Digital Product Businesses

### Why It’s Trending

Creators are shifting from services to scalable assets:

* Templates
* E-books
* SaaS micro tools
* Printables

Low overhead. High margins.

### Monetization Ideas

* Gumroad-style storefront
* Niche template shops
* Course bundles

### SEO Angles

* “How to sell digital products online”
* “Best platforms to sell templates”

---

## 🎮 7. Indie Game & Micro-App Development

### Why It’s Trending

No-code tools + AI = fast product creation.

Solo developers are launching:

* Micro SaaS
* Browser games
* Mobile utilities

### Monetization Ideas

* Ad revenue
* Subscription models
* In-app purchases

### SEO Angles

* “How to build a micro SaaS in 2026”
* “Best no-code tools for app development”

---

## 🎥 8. Short-Form Video Authority Brands

### Why It’s Trending

Short-form platforms dominate attention.

Creators are:

* Building niche authority
* Driving traffic to paid offers
* Repurposing content across platforms

### Monetization Ideas

* Brand deals
* Coaching
* Paid communities
* Digital products

### SEO Angles

* “How to grow on short-form video in 2026”
* “Short-form content strategy for beginners”

---

## 🏥 9. Preventative Health & Longevity

### Why It’s Trending

Search demand for:

* Longevity science
* Wearable health tech
* Personalized health data

Is rising rapidly.

### Monetization Ideas

* Health affiliate blog
* Supplement partnerships
* Fitness digital programs

### SEO Angles

* “Longevity habits backed by science”
* “Best wearable health devices 2026”

---

## 🏗️ 10. Personal Brand Monetization

### Why It’s Trending

People realize:

> Your personal brand is your leverage.

Professionals are building:

* LinkedIn authority
* X/Twitter thought leadership
* Newsletter businesses

### Monetization Ideas

* Consulting
* Paid newsletters
* Digital courses
* Speaking opportunities

### SEO Angles

* “How to monetize your personal brand”
* “Build a profitable audience in 2026”

---

# 📈 How to Choose the Right Trend

Ask yourself:

1. Do I genuinely enjoy this topic?
2. Is there long-term search demand?
3. Can I monetize beyond ads?
4. Is competition manageable?

Avoid chasing hype without strategy.

---

# 💡 Advanced Tip: Combine Trends

The real opportunity in 2026 is *intersection niches*.

Examples:

* AI + Personal Finance
* Remote Work + Productivity
* Health + Biohacking + Tech
* Sustainability + Digital Business

Micro-niches rank faster and convert better.

---

# 🎯 Final Thoughts

2026 rewards:

* Speed
* Authority
* Value
* Specialization

You don’t need millions of followers.

You need:

* Clear positioning
* SEO structure
* Monetization strategy
* Consistency

The next big digital brand could be yours.

Start now.

#TrendingTopics2026 #OnlineBusiness #DigitalEntrepreneur  
#CreatorEconomy #MakeMoneyOnline #SEOTrends  
#AIAutomation #RemoteWork #DigitalProducts  
#PersonalBranding #PassiveIncome #ContentMarketing

', '10-explosive-trending-topics-in-2026-you-can-turn-into-a-profitable-online-business', '699b4b860c69efac7842364f', '["SEOTrends","MakeMoneyOnline"]', 'https://cdn.stuhive.in/blogs/699b4b860c69efac7842364f/1771794341194-747700f4-cover', 'blogs/699b4b860c69efac7842364f/1771794341194-747700f4-cover', 5, 1, 329, 5, 0, 1771794343, 1773289561);
INSERT OR REPLACE INTO blogs (id, title, summary, content, slug, author_id, tags, cover_image, cover_image_key, rating, num_reviews, view_count, read_time, is_featured, created_at, updated_at) VALUES ('699b48c02950fbf8ade19b30', '# 🧠📉 The Productivity Trap: Why Doing More Is Making Students Perform Worse', 'Are you studying more but scoring less? 📉 The Productivity Trap reveals why long hours and constant hustle are hurting your performance. Discover how deep focus, strategic rest, and outcome-based studying can boost grades without burnout. Study smarter—not longer—and finally see real results.
', '# 🧠📉 The Productivity Trap: Why Doing More Is Making Students Perform Worse

---

## ✨ Introduction

We live in a culture that worships **busyness**.

* 5 AM wake-up routines
* 12-hour study challenges
* “No days off” mentality
* Color-coded planners packed to the minute

It looks productive.

It feels ambitious.

But here’s the uncomfortable truth:

> 🚨 **Most students are overworking… and underperforming.**

This is the **Productivity Trap** — and it’s silently damaging focus, grades, and mental health.

Let’s break it down.

---

# ⚡ What Is the Productivity Trap?

The Productivity Trap is when:

* You measure success by **how long** you study
* You confuse motion with progress
* You chase efficiency instead of understanding
* You feel guilty when you rest

It’s not laziness.

It’s misdirected effort.

---

# 📚 Why More Study Hours ≠ Better Grades

Your brain doesn’t work like a machine.

After 90–120 minutes of intense focus:

* 🧠 Cognitive performance drops
* 📉 Retention decreases
* 😩 Mental fatigue increases
* ❌ Mistakes multiply

But instead of resting, most students push harder.

That’s when:

* You reread pages without absorbing
* You solve problems mechanically
* You scroll between “study breaks”

You’re studying — but not learning.

---

# 🧩 The Hidden Cost of Constant Hustle

## 1️⃣ Surface-Level Understanding

When you''re rushing to “cover syllabus,” you prioritize completion over comprehension.

Result:

* You recognize concepts
* But can’t apply them

That’s dangerous during exams.

---

## 2️⃣ Decision Fatigue

Every day filled with micro-decisions:

* What to study next?
* Which notes to use?
* Should I revise or practice?

Mental energy drains before real work even begins.

---

## 3️⃣ Burnout Before Finals

Students often peak mid-semester.

By finals week:

* Motivation crashes
* Sleep cycles collapse
* Anxiety spikes

Ironically, when it matters most — energy is lowest.

---

# 🔍 The Science of Deep Learning

High performers don’t study more.

They study **deeper**.

Deep learning involves:

* Active recall
* Spaced repetition
* Practice testing
* Teaching concepts aloud
* Error analysis

It’s mentally demanding — but highly efficient.

---

# 🛑 Signs You’re Stuck in the Productivity Trap

Ask yourself honestly:

* Do you feel guilty taking breaks?
* Do you equate exhaustion with achievement?
* Do you track hours more than results?
* Do you finish chapters but forget them quickly?

If yes — you’re not alone.

But you need a shift.

---

# 🔄 The Shift: From Quantity to Quality

Here’s the alternative system.

---

## 🎯 1. Study With Clear Outcomes

Instead of:

> “Study chemistry for 3 hours.”

Say:

> “Master redox reactions and solve 25 PYQs.”

Outcome-based studying increases clarity and focus.

---

## ⏳ 2. Work in Focus Cycles

Try:

* 45–60 minutes deep work
* 10–15 minutes real break

No phone.

No multitasking.

Just intentional work.

---

## 🧠 3. End With Reflection

After each session, ask:

* What did I actually learn?
* What still confuses me?
* Can I explain this without notes?

Reflection multiplies retention.

---

# 🌱 The Power of Strategic Rest

Rest is not laziness.

It’s neurological recovery.

During rest:

* The brain consolidates memory
* Creative connections form
* Stress hormones reduce

Even elite athletes:

* Train hard
* Then recover harder

Students should do the same.

---

# 🏆 What Real Productivity Looks Like

Real productivity is:

* Fewer hours
* Higher focus
* Clear goals
* Measurable improvement
* Sustainable energy

It’s not dramatic.

It’s disciplined.

---

# 📌 A New Definition of Success

Stop asking:

> “How many hours did I study?”

Start asking:

> “How much did I truly understand?”

Because at the end of the semester:

* Professors test clarity
* Not time invested

---

# 💬 Final Thoughts

The Productivity Trap makes you feel busy.

But deep, intentional work makes you powerful.

Remember:

> 📚 Studying more doesn’t guarantee success.
> Studying smarter — consistently — does.

Protect your focus.
Respect your energy.
Choose depth over noise.

---

# 🔖 Hashtags

#StudentLife
#DeepWork
#SmartStudy
#ProductivityMyths
#AcademicSuccess
#StudyPsychology
#CollegeTips
#FocusBetter
#BurnoutPrevention
#MentalClarity
#HighPerformanceHabits
#StudySmartNotHard
#YouthGrowth
#MindsetShift

---

If you’d like, I can write another unique blog like:
', 'the-productivity-trap-why-doing-more-is-making-students-perform-worse', '699b41fb343a35a525f5c033', '["StudentLife"]', 'https://cdn.stuhive.in/blogs/699b41fb343a35a525f5c033/1771784381480-e863cbbf-cover', 'blogs/699b41fb343a35a525f5c033/1771784381480-e863cbbf-cover', 5, 1, 22, 4, 0, 1771784384, 1772971874);
INSERT OR REPLACE INTO blogs (id, title, summary, content, slug, author_id, tags, cover_image, cover_image_key, rating, num_reviews, view_count, read_time, is_featured, created_at, updated_at) VALUES ('69aae80246c064409b7f7e85', 'India face the fuel shortage during the Israel', 'Here is the proper breakdown of the information of India facing the fuel shortage during the Israel Iran war. Please read it carefully and share with this your parents and', 'Infographic: *India Facing Fuel Shortage During Iran–Israel War*

### 🛢️ Title Section

**India Facing Fuel Shortage During Iran–Israel War**
*Impact on Energy Security and Government Measures*

---

### ⚠️ Causes of Fuel Shortage

1. **Disruption of Oil Routes**
   Conflict threatens shipping through the **Strait of Hormuz**, a key oil transport route.

2. **Dependence on Imports**
   India imports about **85–90% of its crude oil**, mainly from the Middle East.

3. **Rising Global Oil Prices**
   War increases crude oil prices, affecting fuel availability and cost.

4. **Gas Supply Disruptions**
   LNG and LPG shipments from Gulf countries become uncertain.

---

### 📉 Effects on India

* ⛽ Higher **petrol and diesel prices**
* 📦 Increase in **transport and goods prices**
* 🏭 **Industrial slowdown** due to fuel shortages
* 📊 Rising **inflation and economic pressure**

---

### 🛠️ Measures Taken by India

1. **Diversifying Oil Imports**
   Importing oil from other countries like Russia and the US.

2. **Strategic Petroleum Reserves**
   Using emergency oil storage to maintain supply.

3. **Increasing Domestic Production**
   Refineries asked to increase LPG and fuel output.

4. **Alternative Energy Sources**
   Expanding **solar, wind, and biofuel energy**.

5. **Fuel Management Policies**
   Possible rationing and prioritizing essential sectors.

---

### 🌱 Long-Term Solution

India aims to **reduce dependence on imported oil** by investing in **renewable energy and energy security programs**.

---

✅ If you want, I can also:

* **Generate a real visual infographic image** for this article.
* **Create a poster-style image suitable for a school project or presentation.**
* **Make a diagram showing the oil route from the Middle East to India.**
', 'india-face-the-fuel-shortage-during-the-israel', '69a5b515c402cb76b4590931', '["War","Israel versus Iran","Israel","Iran war","India fuel shortage","effect of fuel shortage","is it real the Iran","Israel war effect the fuel consumption and production in India?","USA versus Iran.","Russia","fuel","Bharat","Phool breakdown of the information of fuel","causes of fuel reduction","World war","third","is it possible?"]', 'https://cdn.stuhive.in/blogs/69a5b515c402cb76b4590931/1772808188242-acb99499-cover', 'blogs/69a5b515c402cb76b4590931/1772808188242-acb99499-cover', 5, 1, 27, 2, 0, 1772808194, 1773296733);
INSERT OR REPLACE INTO blogs (id, title, summary, content, slug, author_id, tags, cover_image, cover_image_key, rating, num_reviews, view_count, read_time, is_featured, created_at, updated_at) VALUES ('699c657b16b773e29d6b3c4d', 'Stop Digging Through Messy Group Chats. Your New Academic Vault is Here. 🔓', 'Tired of lost links, messy group chats, and expensive paywalls? StuHive is your centralized academic vault. We offer zero-latency access to study materials, personalized collections, and a cinematic reading experience. Stop gatekeeping knowledge. Share your notes and ditch the chaos today!', '## Stop Digging Through Messy Group Chats. Your New Academic Vault is Here. 🔓

It’s 11:00 PM. The midterm is tomorrow. You know someone in your study group shared the critical lecture notes last week, but where are they?

Are they buried under 500 memes in the class WhatsApp group? Are they trapped behind a broken link in a disorganized Google Drive? Or worse, are they locked behind a paywall on a site demanding a monthly subscription just to view a PDF?

We’ve all been there. The current state of academic knowledge sharing is broken. It’s fragmented, clunky, and often expensive.

At **StuHive**, we believe that if knowledge exists, it should be accessible instantly. It’s time to stop digging and start studying.

---

### The Problem: The "Digital Scavenger Hunt"

Before StuHive, finding quality study materials felt less like research and more like a digital scavenger hunt. Students are forced to juggle:

* **Gatekept Knowledge:** Valuable resources hoarded by seniors or locked behind expensive paywalls.
* **Link Rot:** "File not found" errors on Dropbox links shared two semesters ago.
* **The Chaos of Chats:** Critical documents lost in the noise of instant messaging apps, impossible to search when you actually need them.

This fragmentation doesn''t just waste time; it creates an uneven playing field where success depends on *who* you know, rather than *what* you know.

---

### The Solution: The StuHive Academic Vault 🧠

We built StuHive to centralized the chaos. We aren''t just another cloud storage folder; we are a purpose-built **Discovery Engine** for academia.

When we designed our Notes module, we focused on three non-negotiables: Speed, Quality, and Discovery.

#### 1. Zero-Latency Access

When you''re cramming, every second counts. We don’t rely on slow, traditional servers. StuHive utilizes a decentralized storage network (powered by Cloudflare R2). This means whether you are accessing a 50MB high-resolution anatomy diagram or a 100-page engineering PDF, it loads almost instantly, anywhere in the world.

#### 2. Organized Collections, Not Just Files

Stop dumping files into a void. StuHive allows you to build personalized **Collections**. Think of them as dynamic playlists for your study materials. Curate notes from different contributors into one cohesive subject folder. Thanks to our Optimistic UI, organizing your vault feels snappy and fluid.

#### 3. A "Cinematic" Reading Experience

Studying on a screen is usually tiring. We’ve engineered StuHive to be visually easy on the eyes. Our document viewer uses hardware-accelerated glassmorphism effects and a clean, distraction-free interface. It’s designed to help you focus on the content, not the interface.

---

### Stop Gatekeeping. Start Contributing. 🤝

StuHive only works because students like you contribute.

When you upload your notes to the Hive, you aren''t just helping others; you are building your own academic footprint. Every upload, every upvote, and every follower builds your reputation as a **Verified Contributor**.

Don''t let your hard work sit dormant on your hard drive. Share it, get recognized for it, and help dozens of other students ace their exams.

### Ditch the Chaos today.

Academic resources should be free, fast, and easy to find. No paywalls. No dead links. Just the knowledge you need, right when you need it.

**Ready to upgrade your study setup?**

👉 **[Search the Vault](https://stuhive.in/search)** to find materials for your next exam.
👉 **[Upload Your Notes](https://www.google.com/search?q=https://stuhive.in/notes/upload)** and start building your profile today.', 'stop-digging-through-messy-group-chats-your-new-academic-vault-is-here', '6999fc77ad89c11a7aa8b053', '["Digital Learning"]', 'https://cdn.stuhive.in/blogs/6999fc77ad89c11a7aa8b053/1771857272355-7d0da6cc-cover', 'blogs/6999fc77ad89c11a7aa8b053/1771857272355-7d0da6cc-cover', 5, 1, 49, 3, 1, 1771857275, 1773142349);
INSERT OR REPLACE INTO collections (id, user_id, name, category, university, slug, visibility, description, is_premium, price, is_archived, created_at, updated_at) VALUES ('699c1b928c84946ef0e42ff1', '699b4b860c69efac7842364f', 'Database Management Systems (DBMS) Premium Notes', 'University', 'Aktu', 'database-management-systems-dbms-premium-notes', 'public', 'Master DBMS for Pune University exams. This bundle includes chapter-wise handwritten PDFs, SQL query cheat sheets, ER diagrams, and solved PYQs for guaranteed high grades.', 1, 69, 0, 1771838354, 1773072235);
INSERT OR REPLACE INTO collections (id, user_id, name, category, university, slug, visibility, description, is_premium, price, is_archived, created_at, updated_at) VALUES ('69ae4c577d27c91ef9e850aa', '699b4b860c69efac7842364f', 'Data Structures & Algorithms (DSA) - Unit 1 & 2 Complete Notes', 'University', 'Aktu', 'data-structures-algorithms-dsa-unit-1-2-complete-notes', 'public', 'Premium Data Structures & Algorithms (DSA) notes for Unit 1 & 2. Covers time complexity, arrays, linked lists, and stacks. Perfect for quick exam revision and placement prep!', 1, 69, 0, 1773030487, 1773072922);
INSERT OR REPLACE INTO collections (id, user_id, name, category, university, slug, visibility, description, is_premium, price, is_archived, created_at, updated_at) VALUES ('699b75e13723dd209365a130', '6999f1a6335e35fbefd6dd9f', 'AKTU B.Tech Semester Exams 2025-26 | Premium Study Material', 'University', 'Aktu', 'aktu-b-tech-semester-exams-2025-26-premium-study-material', 'public', 'Complete AKTU B.Tech semester exam notes for 2025-2026. Get simple, short, and highly optimized study materials, important topics, and quick revision guides all in one place to ace your exams!', 0, 0, 0, 1771795937, 1773073323);
INSERT OR REPLACE INTO collections (id, user_id, name, category, university, slug, visibility, description, is_premium, price, is_archived, created_at, updated_at) VALUES ('699ecf7f436e06fca4974eda', '6999fe84ad6b48a9d9b2a766', 'Renewable Energy Resource(RER) All notes Bundle', 'University', '', 'renewable-energy-resource-rer-all-notes-bundle', 'public', 'Renewable Energy Resource(RER) All notes Bundle  learn from a single place don''t need to search for notes unit by unit or topic by topic somewhere else', 0, 0, 0, 1772015487, 1772016551);
INSERT OR REPLACE INTO opportunities (id, title, slug, category, organization, advt_no, short_description, important_dates, application_fee, fee_mode, age_limit, vacancy_details, how_to_apply, selection_process, important_links, faqs, is_published, created_at, updated_at) VALUES ('69aad1fd60369fe44e624f35', 'Railway RRB Group D Online Form 2026 (22,195 Posts)', 'rrb-group-d-online-form-2026', 'Latest Jobs', 'Railway Recruitment Boards (RRB)', 'CEN 09/2025', 'Railway Recruitment Boards (RRB) has released the official notification for the recruitment of Group-D (Level-1) posts across various railway zones in India for 22,195 positions.', '[{"event":"Notification Date","date":"30 January 2026","_id":"69aad1fd60369fe44e624f36"},{"event":"Online Apply Start Date","date":"31 January 2026","_id":"69aad1fd60369fe44e624f37"},{"event":"Online Apply Last Date","date":"02 March 2026","_id":"69aad1fd60369fe44e624f38"},{"event":"Last Date For Fee Payment","date":"04 March 2026","_id":"69aad1fd60369fe44e624f39"},{"event":"Correction Date","date":"05 - 14 March 2026","_id":"69aad1fd60369fe44e624f3a"},{"event":"Exam Date","date":"Notify Later","_id":"69aad1fd60369fe44e624f3b"}]', '[{"category":"General / OBC","amount":"500","_id":"69aad1fd60369fe44e624f3c"},{"category":"SC / ST / EBC / Female","amount":"250","_id":"69aad1fd60369fe44e624f3d"}]', 'Debit Card, Credit Card, Internet Banking, IMPS, Cash Card / Mobile Wallet', '{"minimumAge":"18 Years","maximumAge":"33 Years","asOnDate":"01 January 2026","extraDetails":"Age relaxation as per rules."}', '[{"postName":"Pointsman-B","totalPost":"5053","eligibility":"Class 10 High School / NAC from NCVT","_id":"69aad1fd60369fe44e624f3e"},{"postName":"Track Maintainer Gr. IV","totalPost":"11032","eligibility":"Class 10 High School / NAC from NCVT","_id":"69aad1fd60369fe44e624f3f"},{"postName":"Assistant (Track Machine)","totalPost":"597","eligibility":"Class 10 High School / NAC from NCVT","_id":"69aad1fd60369fe44e624f40"},{"postName":"Assistant (C&W)","totalPost":"1000","eligibility":"Class 10 High School / NAC from NCVT","_id":"69aad1fd60369fe44e624f41"}]', '[{"step":"Interested candidates can submit application online before 02 March 2026.","_id":"69aad1fd60369fe44e624f42"},{"step":"Visit official website of RRB to complete process.","_id":"69aad1fd60369fe44e624f43"},{"step":"Fill name, DOB exactly as per 10th marksheet.","_id":"69aad1fd60369fe44e624f44"}]', '[{"step":"Computer Based Test (CBT-1)","_id":"69aad1fd60369fe44e624f45"},{"step":"Physical Efficiency Test (PET)","_id":"69aad1fd60369fe44e624f46"},{"step":"Document Verification & Medical Exam","_id":"69aad1fd60369fe44e624f47"}]', '[{"label":"Apply Online","url":"https://indianrailways.gov.in/","_id":"69aad1fd60369fe44e624f48"},{"label":"Check Official Notification","url":"https://indianrailways.gov.in/","_id":"69aad1fd60369fe44e624f49"}]', '[{"question":"What is the last date to apply?","answer":"02 March 2026","_id":"69aad1fd60369fe44e624f4a"},{"question":"How many total posts are there?","answer":"22,195 Posts","_id":"69aad1fd60369fe44e624f4b"}]', 1, 1772802557, 1772802557);
INSERT OR REPLACE INTO opportunities (id, title, slug, category, organization, advt_no, short_description, important_dates, application_fee, fee_mode, age_limit, vacancy_details, how_to_apply, selection_process, important_links, faqs, is_published, created_at, updated_at) VALUES ('69aad1fd60369fe44e624f4c', 'Indian Army Agniveer CEE Online Form 2026', 'indian-army-agniveer-cee-2026', 'Latest Jobs', 'Join Indian Army (Bhartiya Sena)', NULL, 'Indian Army has released a notification for the recruitment of Common Entrance Exam CEE for Agnipath Agniveers Post.', '[{"event":"Online Apply Start Date","date":"13 February 2026","_id":"69aad1fd60369fe44e624f4d"},{"event":"Online Apply Last Date","date":"01 April 2026","_id":"69aad1fd60369fe44e624f4e"},{"event":"Exam Date","date":"01 - 16 June 2026","_id":"69aad1fd60369fe44e624f4f"}]', '[{"category":"General / OBC / EWS","amount":"250","_id":"69aad1fd60369fe44e624f50"},{"category":"SC / ST","amount":"250","_id":"69aad1fd60369fe44e624f51"}]', NULL, '{"minimumAge":"17.5 Years","maximumAge":"22-34 Years (Post Wise)","asOnDate":"01 July 2026","extraDetails":"Agniveer GD/Tech: 17.5-22 | Sepoy Pharma: 19-25 | JCO: 27-34"}', '[{"postName":"Agniveer General Duty (GD)","eligibility":"Class 10th Matric with 45% Marks.","_id":"69aad1fd60369fe44e624f52"},{"postName":"Agniveer Technical","eligibility":"10+2 Intermediate with Physics, Chemistry, Maths.","_id":"69aad1fd60369fe44e624f53"},{"postName":"Sepoy Pharma","eligibility":"10+2 with D.Pharma (55%) or B.Pharma (50%).","_id":"69aad1fd60369fe44e624f54"}]', '[{"step":"Apply online via joinindianarmy.nic.in before 01 April 2026.","_id":"69aad1fd60369fe44e624f55"}]', '[{"step":"Written Examination (CEE)","_id":"69aad1fd60369fe44e624f56"},{"step":"PET / PST","_id":"69aad1fd60369fe44e624f57"},{"step":"Document Verification","_id":"69aad1fd60369fe44e624f58"}]', '[{"label":"Registration","url":"https://joinindianarmy.nic.in","_id":"69aad1fd60369fe44e624f59"},{"label":"Login","url":"https://joinindianarmy.nic.in","_id":"69aad1fd60369fe44e624f5a"}]', '[]', 1, 1772802557, 1772802557);
INSERT OR REPLACE INTO opportunities (id, title, slug, category, organization, advt_no, short_description, important_dates, application_fee, fee_mode, age_limit, vacancy_details, how_to_apply, selection_process, important_links, faqs, is_published, created_at, updated_at) VALUES ('69aad1fd60369fe44e624f5b', 'DSSSB Various Post Online Form 2026', 'dsssb-various-post-2026', 'Latest Jobs', 'Delhi Subordinate Services Selection Board (DSSSB)', '02/2026', 'DSSSB recruitment for Radiographer, Assistant Manager, Patwari & Other Various Posts for 216 positions.', '[{"event":"Online Apply Start Date","date":"27 February 2026","_id":"69aad1fd60369fe44e624f5c"},{"event":"Online Apply Last Date","date":"28 March 2026","_id":"69aad1fd60369fe44e624f5d"},{"event":"Exam Date","date":"Notify Soon","_id":"69aad1fd60369fe44e624f5e"}]', '[{"category":"General / OBC / EWS","amount":"100","_id":"69aad1fd60369fe44e624f5f"},{"category":"SC / ST / PH / Female","amount":"0","_id":"69aad1fd60369fe44e624f60"}]', NULL, '{"minimumAge":"18 - 21 Years","maximumAge":"27 - 32 Years","asOnDate":"28 March 2026"}', '[{"postName":"Radiographer","totalPost":"96","eligibility":"10+2 with Science + Diploma/B.Sc in Radiography.","_id":"69aad1fd60369fe44e624f61"},{"postName":"Patwari","totalPost":"15","eligibility":"Graduate from any recognized university.","_id":"69aad1fd60369fe44e624f62"},{"postName":"Assistant Manager","totalPost":"18","eligibility":"MBA / Master''s Degree in relevant field.","_id":"69aad1fd60369fe44e624f63"}]', '[{"step":"Submit application online via dsssb.delhi.gov.in","_id":"69aad1fd60369fe44e624f64"},{"step":"Registration starts from 27 February 2026.","_id":"69aad1fd60369fe44e624f65"}]', '[]', '[{"label":"Apply Online","url":"https://dsssb.delhi.gov.in/","_id":"69aad1fd60369fe44e624f66"},{"label":"Official Website","url":"https://dsssb.delhi.gov.in/","_id":"69aad1fd60369fe44e624f67"}]', '[]', 1, 1772802557, 1772989426);
INSERT OR REPLACE INTO opportunities (id, title, slug, category, organization, advt_no, short_description, important_dates, application_fee, fee_mode, age_limit, vacancy_details, how_to_apply, selection_process, important_links, faqs, is_published, created_at, updated_at) VALUES ('69af0812a23bd34ea1d1c459', 'UP Police SI Admit Card 2026', 'up-police-si-admit-card-2026-b4e4d', 'Admit Card', 'UPPRPB (Uttar Pradesh Police Recruitment and Promotion Board)', 'UP Police SI 2025', 'UPPRPB has released the exam date and admit card notice for 4543 Sub Inspector and Platoon Commander posts. The exam is scheduled for 14-15 March 2026. Admit cards will be available from 11 March 2026.', '[{"event":"Short Notice Date","date":"28/03/2025","_id":"69af0812a23bd34ea1d1c45a"},{"event":"Apply Start Date","date":"12/08/2025","_id":"69af0812a23bd34ea1d1c45b"},{"event":"Apply Last Date","date":"11/09/2025","_id":"69af0812a23bd34ea1d1c45c"},{"event":"Fee Payment Last Date","date":"15/09/2025","_id":"69af0812a23bd34ea1d1c45d"},{"event":"Correction Date","date":"12-15 Sept 2025","_id":"69af0812a23bd34ea1d1c45e"},{"event":"Exam City Details","date":"06/03/2026","_id":"69af0812a23bd34ea1d1c45f"},{"event":"Admit Card Available","date":"11/03/2026","_id":"69af0812a23bd34ea1d1c460"},{"event":"Exam Date","date":"14-15 March 2026","_id":"69af0812a23bd34ea1d1c461"}]', '[{"category":"General / EWS / OBC","amount":"₹500","_id":"69af0812a23bd34ea1d1c462"},{"category":"SC / ST","amount":"₹400","_id":"69af0812a23bd34ea1d1c463"}]', 'Debit Card, Credit Card, Internet Banking, IMPS, Cash Card / Mobile Wallet.', '{"minimumAge":"21 Years","maximumAge":"28 Years","asOnDate":"01/07/2025","extraDetails":"Age relaxation extra as per UP Police SI recruitment rules."}', '[{"postName":"Sub Inspector (Civil Police) Male","ur":"","ews":"","obc":"","sc":"","st":"","totalPost":"4242","eligibility":"Bachelor''s Degree in Any Stream from a Recognized University. Height: 168 CMS (ST: 160 CMS). Running: 4.8 KM in 28 Min.","_id":"69af0812a23bd34ea1d1c464"},{"postName":"Sub Inspector (Civil Police) Female","ur":"","ews":"","obc":"","sc":"","st":"","totalPost":"106","eligibility":"Bachelor''s Degree in Any Stream. Height: 152 CMS (ST: 147 CMS). Running: 2.4 KM in 16 Min.","_id":"69af0812a23bd34ea1d1c465"},{"postName":"Platoon Commander / SI (Civil Police)","ur":"","ews":"","obc":"","sc":"","st":"","totalPost":"135","eligibility":"Bachelor''s Degree in Any Stream.","_id":"69af0812a23bd34ea1d1c466"},{"postName":"SI / Platoon Commander (Special Security Force)","ur":"","ews":"","obc":"","sc":"","st":"","totalPost":"60","eligibility":"Bachelor''s Degree in Any Stream.","_id":"69af0812a23bd34ea1d1c467"}]', '[{"step":" Visit the official UPPRPB (UP Police Recruitment Board) website.","_id":"69af0812a23bd34ea1d1c468"},{"step":"On the homepage, open the “Latest Updates / Notifications” section.","_id":"69af0812a23bd34ea1d1c469"},{"step":"Look for the notice titled “UP Police SI Admit Card 2026”.","_id":"69af0812a23bd34ea1d1c46a"},{"step":"Login using your Enrollment Number, Registration Number, or Date of Birth.","_id":"69af0812a23bd34ea1d1c46b"},{"step":"Download your Admit Card/Exam City PDF and print it for future reference.","_id":"69af0812a23bd34ea1d1c46c"}]', '[{"step":"Written Exam","_id":"69af0812a23bd34ea1d1c46d"},{"step":"Physical Standard Test (PST)","_id":"69af0812a23bd34ea1d1c46e"},{"step":"Physical Efficiency Test (PET)","_id":"69af0812a23bd34ea1d1c46f"},{"step":"Document Verification","_id":"69af0812a23bd34ea1d1c470"},{"step":"Medical Test","_id":"69af0812a23bd34ea1d1c471"}]', '[{"label":"Download Admit Card","url":"(Link Activates on 11 March 2026)","_id":"69af0812a23bd34ea1d1c472"},{"label":"Check Exam City Details","url":"https://sarkariresult.com.cm/wp-content/uploads/2026/01/City-Intimation-Notice.pdf","_id":"69af0812a23bd34ea1d1c473"},{"label":"Download Exam Date Notice","url":"https://www.siupexam25.com/districtintimation/loginpage.aspx","_id":"69af0812a23bd34ea1d1c474"},{"label":"Official Website","url":"https://uppbpb.gov.in/Home/Index","_id":"69af0812a23bd34ea1d1c475"},{"label":"Check Exam Date Notice","url":"https://sarkariresult.com.cm/wp-content/uploads/2025/09/20251203180111581ce5c379f-6d7e-4f4e-9397-95098d1dc262.pdf","_id":"69af0812a23bd34ea1d1c476"},{"label":"Apply Online","url":"https://www.upprpb.in/#/auth/landing","_id":"69af0812a23bd34ea1d1c477"},{"label":"Download Official Notification","url":"https://uppbpb.gov.in/FilesUploaded/Notice/SI_vigyapti_202567e84cf2-8d04-4072-bdbc-56f3c8e1ccbe.pdf","_id":"69af0812a23bd34ea1d1c478"}]', '[]', 1, 1773078546, 1773078565);
INSERT OR REPLACE INTO opportunities (id, title, slug, category, organization, advt_no, short_description, important_dates, application_fee, fee_mode, age_limit, vacancy_details, how_to_apply, selection_process, important_links, faqs, is_published, created_at, updated_at) VALUES ('69af165cd1f4eed53ba48ea3', 'India Post GDS 1st Merit List 2026', 'india-post-gds-1st-merit-list-2026-ko2iu', 'Result', 'Department of Post, India Post', 'Advt No.: GDS/2026/Merit-1', 'India Post has released the 1st merit list for 28,636 Gramin Dak Sevak (GDS) positions. Candidates who applied between January and February 2026 can check their selection status online.', '[{"event":"Online Apply Start Date","date":"31 January 2026","_id":"69af165cd1f4eed53ba48ea4"},{"event":"Online Apply Last Date","date":"14 February 2026","_id":"69af165cd1f4eed53ba48ea5"},{"event":"Fee Payment Last Date","date":"16 February 2026","_id":"69af165cd1f4eed53ba48ea6"},{"event":"Application Submission Last Date","date":"16 February 2026","_id":"69af165cd1f4eed53ba48ea7"},{"event":"Correction Date","date":"18 - 19 February 2026","_id":"69af165cd1f4eed53ba48ea8"},{"event":"Merit List","date":"Available Soon","_id":"69af165cd1f4eed53ba48ea9"}]', '[{"category":"General / OBC","amount":"₹ 100/-","_id":"69af165cd1f4eed53ba48eaa"},{"category":"SC / ST / PH","amount":"₹ 0/-","_id":"69af165cd1f4eed53ba48eab"},{"category":"All Category Female","amount":"₹ 0/-","_id":"69af165cd1f4eed53ba48eac"}]', 'Debit Card, Credit Card, Internet Banking, IMPS, Cash Card / Mobile Wallet', '{"minimumAge":"18 Years","maximumAge":"40 Years","asOnDate":"01/01/2026","extraDetails":"Age relaxation as per regulations"}', '[{"postName":"Gramin Dak Sevak (GDS)","ur":"12696","ews":"2719","obc":"5694","sc":"3942","st":"2716","totalPost":"28,636","eligibility":"Class 10 with Mathematics and English and knowledge of local language","_id":"69af165cd1f4eed53ba48ead"}]', '[{"step":"Visit the official website indiapostgdsonline.gov.in","_id":"69af165cd1f4eed53ba48eae"},{"step":"Click on “Shortlisted Candidates – List IV” under GDS Recruitment 2025","_id":"69af165cd1f4eed53ba48eaf"},{"step":"Select your specific circle or state from the provided list","_id":"69af165cd1f4eed53ba48eb0"},{"step":"Download the PDF file","_id":"69af165cd1f4eed53ba48eb1"},{"step":"Search for your name or registration number using Ctrl+F","_id":"69af165cd1f4eed53ba48eb2"}]', '[{"step":"Based On Merit List","_id":"69af165cd1f4eed53ba48eb3"},{"step":"Document Verification","_id":"69af165cd1f4eed53ba48eb4"},{"step":"Final Selection","_id":"69af165cd1f4eed53ba48eb5"}]', '[{"label":"Check 1st Merit List","url":"https://indiapost.gov.in/gdsonlineengagement","_id":"69af165cd1f4eed53ba48eb6"},{"label":"Online Correction Link","url":"https://app.indiapost.gov.in/gdscandidate","_id":"69af165cd1f4eed53ba48eb7"},{"label":"Online Registration Form","url":"https://indiapost.gov.in/gdsonlineengagement","_id":"69af165cd1f4eed53ba48eb8"},{"label":"Check Circle Wise Notification","url":"https://indiapost.gov.in/gdsonlineengagement/pdf/Annexure-Ia.pdf","_id":"69af165cd1f4eed53ba48eb9"},{"label":"Check Official Notification","url":"https://indiapost.gov.in/gdsonlineengagement/pdf/descriptive-notification.pdf","_id":"69af165cd1f4eed53ba48eba"},{"label":"India Post GDS Official Website","url":"https://indiapostgdsonline.gov.in/","_id":"69af165cd1f4eed53ba48ebb"}]', '[{"question":"When will the online application for India Post Gramin Dak Sevak GDS Recruitment 2026 Start?","answer":"The online application for this recruitment has started on 31 January 2026.","_id":"69af165cd1f4eed53ba48ebc"},{"question":"What is the last date for online application for India Post Gramin Dak Sevak GDS Online Form 2026?","answer":"The last date for online application Form is 14 February 2026.","_id":"69af165cd1f4eed53ba48ebd"},{"question":"What is the age limit for India Post Gramin Dak Sevak GDS Bharti 2026?","answer":"The minimum age is 18 and the maximum age is 40 years as on 01 January 2026.","_id":"69af165cd1f4eed53ba48ebe"},{"question":"What is the eligibility for India Post Gramin Dak Sevak GDS Vacancy 2026?","answer":"Candidates Must Have Passed Class 10 with Mathematics and English and must know the local language.","_id":"69af165cd1f4eed53ba48ebf"},{"question":"What is the official website for India Post GDS ?","answer":"The official website for India Post GDS is https://indiapostgdsonline.gov.in/","_id":"69af165cd1f4eed53ba48ec0"}]', 1, 1773082204, 1773082353);
INSERT OR REPLACE INTO opportunities (id, title, slug, category, organization, advt_no, short_description, important_dates, application_fee, fee_mode, age_limit, vacancy_details, how_to_apply, selection_process, important_links, faqs, is_published, created_at, updated_at) VALUES ('69af1562d1f4eed53ba48e22', 'SSC CHSL Tier-II Exam Date 2026', 'ssc-chsl-tier-ii-exam-date-2026-by07y', 'Admit Card', 'Staff Selection Commission (SSC)', 'CHSL 10+2 Examination 2025', 'The Staff Selection Commission has released the Tier-II exam date for the CHSL 10+2 Examination 2025. The Tier-II exam is scheduled to be conducted on 10 April 2026.', '[{"event":"Online Apply Start Date","date":"23 June 2025","_id":"69af1562d1f4eed53ba48e23"},{"event":"Online Apply Last Date","date":"18 July 2025","_id":"69af1562d1f4eed53ba48e24"},{"event":"Last Date For Fee Payment","date":"19 July 2025","_id":"69af1562d1f4eed53ba48e25"},{"event":"Correction Date","date":"25-26 July 2025","_id":"69af1562d1f4eed53ba48e26"},{"event":"Tier-I Exam Start","date":"12 November 2025","_id":"69af1562d1f4eed53ba48e27"},{"event":"Tier-II Exam Date","date":"10 April 2026","_id":"69af1562d1f4eed53ba48e28"}]', '[{"category":"General / OBC / EWS","amount":"₹100","_id":"69af1562d1f4eed53ba48e29"},{"category":"SC / ST / Female","amount":"₹0","_id":"69af1562d1f4eed53ba48e2a"},{"category":"PH Candidates","amount":"₹0","_id":"69af1562d1f4eed53ba48e2b"}]', 'Debit Card, Credit Card, Internet Banking, IMPS, Cash Card / Mobile Wallet', '{"minimumAge":"18 Years","maximumAge":"27 Years","asOnDate":"01/08/2025","extraDetails":"SSC provides age relaxation for the 10+2 CHSL position as per their regulations."}', '[{"postName":"SSC CHSL (LDC & PA/ SA / DEO)","ur":"","ews":"","obc":"","sc":"","st":"","totalPost":"3131","eligibility":"12th class pass from any recognized board. For DEO: 12th standard in Science stream with Mathematics.","_id":"69af1562d1f4eed53ba48e2c"}]', '[{"step":"Visit the official website of the Staff Selection Commission.","_id":"69af1562d1f4eed53ba48e2d"},{"step":"Click on the “Latest News” or “Notices” section.","_id":"69af1562d1f4eed53ba48e2e"},{"step":"Look for the notice titled “SSC CHSL Tier-II Exam Date 2026” and click on it.","_id":"69af1562d1f4eed53ba48e2f"},{"step":"Check the exam date, timing, and instructions, and save/print the PDF for reference.","_id":"69af1562d1f4eed53ba48e30"}]', '[{"step":"Tier-I Exam","_id":"69af1562d1f4eed53ba48e31"},{"step":"Tier-II Exam","_id":"69af1562d1f4eed53ba48e32"}]', '[{"label":"Check Tier-II Exam Date Notice","url":"https://ssc.gov.in/api/attachment/uploads/masterData/NoticeBoards/notice2_09032026.pdf","_id":"69af1562d1f4eed53ba48e33"},{"label":"Download Tier-I Result","url":"https://sarkariresult.com.cm/wp-content/uploads/2026/01/LIST1_27022026.pdf","_id":"69af1562d1f4eed53ba48e34"},{"label":"SSC Official Download Tier-I CutoffWebsite","url":"https://ssc.gov.in/","_id":"69af1562d1f4eed53ba48e35"},{"label":"Download Tier-I Cutoff","url":"https://ssc.gov.in/api/attachment/uploads/masterData/NoticeBoards/writeup_27022026.pdf","_id":"69af1562d1f4eed53ba48e36"},{"label":"Apply Online Link","url":"https://ssc.gov.in/candidate-portal/one-time-registration/home-page","_id":"69af1562d1f4eed53ba48e37"}]', '[{"question":"When will the SSC CHSL Tier-II Exam 2026 be conducted?","answer":"The Tier-II exam is scheduled to be held on 10 April 2026.","_id":"69af1562d1f4eed53ba48e38"},{"question":"Who can appear in the SSC CHSL Tier-II exam?","answer":"Only candidates who qualify the Tier-I (CBT) examination are eligible to appear for the Tier-II stage.","_id":"69af1562d1f4eed53ba48e39"},{"question":"What is the exam mode for SSC CHSL Tier-II?","answer":"The Tier-II exam is conducted in Computer Based Test (CBT) mode.","_id":"69af1562d1f4eed53ba48e3a"}]', 1, 1773081955, 1773082386);
INSERT OR REPLACE INTO opportunities (id, title, slug, category, organization, advt_no, short_description, important_dates, application_fee, fee_mode, age_limit, vacancy_details, how_to_apply, selection_process, important_links, faqs, is_published, created_at, updated_at) VALUES ('69aff82016e6776ebd4e8fa7', 'UPSC Civil Services IAS Final Result 2026', 'upsc-civil-services-ias-final-result-2026-p852u', 'Result', 'Union Public Service Commission (UPSC)', 'Civil Services & IFS Examination 2025', 'Union Public Service Commission (UPSC) has declared the Final Results for the Civil Services (IAS) and Indian Forest Service (IFS) Examination 2025. Candidates can check their results and download the PDF list from the official website.', '[{"event":"Notification Date","date":"20 January 2025","_id":"69aff82016e6776ebd4e8fa8"},{"event":"Online Apply Start Date","date":"22 January 2025","_id":"69aff82016e6776ebd4e8fa9"},{"event":"Online Apply Last Date","date":"21 February 2025","_id":"69aff82016e6776ebd4e8faa"},{"event":"IAS Final Result Date","date":"06 March 2026","_id":"69aff82016e6776ebd4e8fab"}]', '[{"category":"General / OBC / EWS","amount":"₹ 100/-","_id":"69aff82016e6776ebd4e8fac"},{"category":"SC / ST / PH / Female","amount":"₹ 0/-","_id":"69aff82016e6776ebd4e8fad"}]', 'Debit Card, Credit Card, Internet Banking, IMPS, Cash Card / Mobile Wallet', '{"minimumAge":"21 Years","maximumAge":"32 Years","asOnDate":"UPSC Rules","extraDetails":"Born not earlier than 2nd August, 1993 and not later than 1st August, 2004; age relaxation as per UPSC rules."}', '[{"postName":"Indian Administrative Services (IAS)","ur":"","ews":"","obc":"","sc":"","st":"","totalPost":"979","eligibility":"Bachelor’s degree in any discipline","_id":"69aff82016e6776ebd4e8fae"},{"postName":"Indian Forest Services (IFS)","ur":"","ews":"","obc":"","sc":"","st":"","totalPost":"150","eligibility":"Bachelor’s degree in science/engineering subjects","_id":"69aff82016e6776ebd4e8faf"}]', '[{"step":"Visit the official UPSC website.","_id":"69aff82016e6776ebd4e8fb0"},{"step":"Click on the Examination tab and select Active Examinations or Written Results.","_id":"69aff82016e6776ebd4e8fb1"},{"step":"Select the relevant result link.","_id":"69aff82016e6776ebd4e8fb2"},{"step":"Download the PDF result and use Ctrl+F to find your roll number.","_id":"69aff82016e6776ebd4e8fb3"}]', '[{"step":"Pre Examination","_id":"69aff82016e6776ebd4e8fb4"},{"step":"Mains Examination","_id":"69aff82016e6776ebd4e8fb5"},{"step":"Interview","_id":"69aff82016e6776ebd4e8fb6"}]', '[{"label":"Download IAS Final Result","url":"https://upsc.gov.in/CSE_2025_FR_Eng_06032026.pdf","_id":"69aff82016e6776ebd4e8fb7"},{"label":"Download IFS (Roll No. Wise) Mains Result","url":"https://upsc.gov.in/sites/default/files/WR_IFoSME_2026_RollList_Eng_24022026.pdf","_id":"69aff82016e6776ebd4e8fb8"},{"label":"Download IFS (Name Wise) Mains Result","url":"https://upsc.gov.in/sites/default/files/WR_IFoSME_2026_Roll_Name_Eng_24022026.pdf","_id":"69aff82016e6776ebd4e8fb9"},{"label":"Download Personality Test E-Summon Letter","url":"https://upsconline.gov.in/esummon/csm_2025/","_id":"69aff82016e6776ebd4e8fba"},{"label":"Check Roll No. Wise Interview Schedule","url":"http://sarkariresult.com.cm/wp-content/uploads/2025/11/Intv-CSM-25-Engl-021225.pdf","_id":"69aff82016e6776ebd4e8fbb"},{"label":"Download IFS Mains Admit Card","url":"https://upsconline.gov.in/eadmitcard/admitcard_ifs_2025/admit_card.php#hhh1","_id":"69aff82016e6776ebd4e8fbc"},{"label":"Download IAS Mains Result","url":"https://upsc.gov.in/WR-CSME-2025-Engl-RollList-111125.pdf","_id":"69aff82016e6776ebd4e8fbd"},{"label":"Download IAS Mains Admit Card","url":"https://upsconline.gov.in/eadmitcard/admitcard_csm_2025/admit_card.php#hhh1","_id":"69aff82016e6776ebd4e8fbe"},{"label":"Download Pre Result IAS","url":"http://sarkariresult.com.cm/wp-content/uploads/2025/05/CSP-2025-WR-RollList-Engl-110625.pdf","_id":"69aff82016e6776ebd4e8fbf"},{"label":"Download Pre Admit Card","url":"https://upsconline.gov.in/eadmitcard/admitcard_csp_2025/","_id":"69aff82016e6776ebd4e8fc0"},{"label":"Apply Online Link","url":"https://upsconline.gov.in/upsc/OTRP/index.php","_id":"69aff82016e6776ebd4e8fc1"},{"label":"Download Date Extend Notice","url":"https://upsc.gov.in/sites/default/files/Ticker-CSP-25-IFoSP-25-Engl-180225.pdf","_id":"69aff82016e6776ebd4e8fc2"},{"label":"Check Official Notification","url":"http://sarkariresult.com.cm/wp-content/uploads/2025/01/UPSC-CSE-Prelims-2025-Notification.pdf","_id":"69aff82016e6776ebd4e8fc3"},{"label":"UPSC Official Website","url":"https://upsc.gov.in/","_id":"69aff82016e6776ebd4e8fc4"},{"label":"Download Pre Result IFS","url":"http://sarkariresult.com.cm/wp-content/uploads/2025/05/IFSP-2025-WR-Roll-Engl-110625.pdf","_id":"69aff82016e6776ebd4e8fc5"}]', '[{"question":"Who releases the UPSC Civil Services / IAS Final Result 2026?","answer":"The result is released by the Union Public Service Commission (UPSC) on its official website.","_id":"69aff82016e6776ebd4e8fc6"},{"question":"When will the UPSC CSE / IFS Mains Result 2026 be declared?","answer":"The Mains result is usually declared a few weeks after the completion of the written examination.","_id":"69aff82016e6776ebd4e8fc7"},{"question":"In what format is the Mains result released?","answer":"The result is released in PDF format containing the roll numbers of qualified candidates.","_id":"69aff82016e6776ebd4e8fc8"},{"question":"Where can candidates check the result?","answer":"Candidates can check the result under the Written Results / Examination section on the official UPSC website.","_id":"69aff82016e6776ebd4e8fc9"},{"question":"What is the official website for UPSC?","answer":"The official website for UPSC is https://upsc.gov.in/","_id":"69aff82016e6776ebd4e8fca"}]', 1, 1773140000, 1773140016);
INSERT OR REPLACE INTO opportunities (id, title, slug, category, organization, advt_no, short_description, important_dates, application_fee, fee_mode, age_limit, vacancy_details, how_to_apply, selection_process, important_links, faqs, is_published, created_at, updated_at) VALUES ('69aff88d7a0d4fdb10d716f8', 'Bihar Board Class 10th Matric and Class 12th Intermediate Answer Key 2026', 'bihar-board-class-10th-matric-and-class-12th-intermediate-answer-key-2026-s1xri', 'Answer Key', 'Bihar School Examination Board (BSEB)', 'Bihar Board Class 10th Matric and Class 12th Exams', 'Bihar School Examination Board (BSEB) has released the official Answer Key for the 2026 Matric (Class 10th) and Intermediate (Class 12th) Annual Board Examinations. Candidates can now verify their responses and submit online objections through the official portal.', '[{"event":"BSEB Class 10 Matric Exam","date":"17-25 February 2026","_id":"69aff88d7a0d4fdb10d716f9"},{"event":"BSEB Class 12 Inter Exam","date":"02-13 February 2026","_id":"69aff88d7a0d4fdb10d716fa"},{"event":"12th Answer Key Objection Start","date":"06/03/2026","_id":"69aff88d7a0d4fdb10d716fb"},{"event":"10th Answer Key Objection Start","date":"07/03/2026","_id":"69aff88d7a0d4fdb10d716fc"}]', '[]', NULL, '{"minimumAge":"","maximumAge":"","asOnDate":"","extraDetails":""}', '[]', '[{"step":"Visit the official Bihar Board website or the direct link provided.","_id":"69aff88d7a0d4fdb10d716fd"},{"step":"Click on the BSEB 10th / 12th Exam Answer Key 2026 link.","_id":"69aff88d7a0d4fdb10d716fe"},{"step":"Enter your Roll Code and Roll Number to log in.","_id":"69aff88d7a0d4fdb10d716ff"},{"step":"View and download the Subject Wise Answer Key PDF.","_id":"69aff88d7a0d4fdb10d71700"},{"step":"Submit objections within the scheduled timeframe if necessary.","_id":"69aff88d7a0d4fdb10d71701"}]', '[]', '[{"label":"Download BSEB 10th Answer Key","url":"http://objmatric.biharboardonline.com/","_id":"69aff88d7a0d4fdb10d71702"},{"label":"Download BSEB 12th Answer Key","url":"https://sarkariresult.tools/","_id":"69aff88d7a0d4fdb10d71703"},{"label":"Age Calculator, Image Resizer, JPG to PDF, Typing Test and More","url":"https://sarkariresult.tools/","_id":"69aff88d7a0d4fdb10d71704"},{"label":"Official Website","url":"https://biharboardonline.com/","_id":"69aff88d7a0d4fdb10d71705"}]', '[{"question":"How can I download the Bihar Board 2026 Answer Key?","answer":"Candidates can download the answer key by logging in with their Roll Code and Roll Number on the official BSEB website.","_id":"69aff88d7a0d4fdb10d71706"},{"question":"What if I find an error in the answer key?","answer":"Candidates can submit an objection against the answer key within the scheduled date and time provided by the board.","_id":"69aff88d7a0d4fdb10d71707"}]', 1, 1773140109, 1773140116);
INSERT OR REPLACE INTO opportunities (id, title, slug, category, organization, advt_no, short_description, important_dates, application_fee, fee_mode, age_limit, vacancy_details, how_to_apply, selection_process, important_links, faqs, is_published, created_at, updated_at) VALUES ('69aff939d0c0bd2e76fbf90a', 'SSC Junior Engineer (Civil / Electrical / Mechanical) Examination 2025', 'ssc-junior-engineer-civil-electrical-mechanical-examination-2025-6s054', 'Result', 'Staff Selection Commission (SSC)', 'SSC Junior Engineer (Civil / Electrical / Mechanical) Examination 2025', 'Staff Selection Commission (SSC) has released the Junior Engineer (Civil / Electrical / Mechanical) Examination 2025 notification. Candidates can check the Paper I Result and download the Paper II Exam Date notice.', '[{"event":"Application Begin","date":"30/06/2025","_id":"69aff939d0c0bd2e76fbf90b"},{"event":"Last Date for Apply Online","date":"21/07/2025","_id":"69aff939d0c0bd2e76fbf90c"},{"event":"Last Date for Pay Exam Fee (Online)","date":"22/07/2025","_id":"69aff939d0c0bd2e76fbf90d"},{"event":"Correction Date","date":"01-12 August 2025","_id":"69aff939d0c0bd2e76fbf90e"},{"event":"Self Slot Booking","date":"10-25 November 2025","_id":"69aff939d0c0bd2e76fbf90f"},{"event":"Exam Date Tier I","date":"03 to 06 December 2025","_id":"69aff939d0c0bd2e76fbf910"},{"event":"Exam City Available","date":"26/11/2025","_id":"69aff939d0c0bd2e76fbf911"},{"event":"Answer Key Available","date":"19/12/2025","_id":"69aff939d0c0bd2e76fbf912"},{"event":"Paper I Result Available","date":"06/03/2026","_id":"69aff939d0c0bd2e76fbf913"},{"event":"Exam Date Tier II","date":"07/04/2026","_id":"69aff939d0c0bd2e76fbf914"}]', '[{"category":"General / OBC / EWS","amount":"₹100","_id":"69aff939d0c0bd2e76fbf915"},{"category":"SC / ST / PH","amount":"₹0","_id":"69aff939d0c0bd2e76fbf916"},{"category":"All Category Female","amount":"₹0","_id":"69aff939d0c0bd2e76fbf917"}]', 'Debit Card, Credit Card, Net Banking or Pay Offline Through E Challan Mode', '{"minimumAge":"18 Years","maximumAge":"32 Years","asOnDate":"","extraDetails":"32 Years for CPWD & CWC Post Only, 30 Years for all other posts. Age relaxation as per Staff Selection Commission Junior Engineer Exam 2025 Rules."}', '[{"postName":"SSC Junior Engineer (Civil / Electrical / Mechanical)","ur":"","ews":"","obc":"","sc":"","st":"","totalPost":"1731","eligibility":"BE/B.Tech/Diploma in Related Trade","_id":"69aff939d0c0bd2e76fbf918"}]', '[{"step":"Read the notification for recruitment eligibility, post information, and selection procedure.","_id":"69aff939d0c0bd2e76fbf919"},{"step":"Ensure you have all documents: Hand writing, Eligibility, ID Proof, Address Details, Basic Details.","_id":"69aff939d0c0bd2e76fbf91a"},{"step":"Prepare scanned copies of Photo, Signature, ID, Thumb, Proof, etc.","_id":"69aff939d0c0bd2e76fbf91b"},{"step":"Fill the application form carefully and check the preview before submitting.","_id":"69aff939d0c0bd2e76fbf91c"},{"step":"Pay the application fee if required.","_id":"69aff939d0c0bd2e76fbf91d"},{"step":"Take a print out of the final submitted form.","_id":"69aff939d0c0bd2e76fbf91e"}]', '[{"step":"Paper I (Computer Based Examination)","_id":"69aff939d0c0bd2e76fbf91f"},{"step":"Paper II (Computer Based Examination)","_id":"69aff939d0c0bd2e76fbf920"}]', '[{"label":"Download Paper II Exam Date","url":"https://ssc.gov.in/api/attachment/uploads/masterData/NoticeBoards/notice_09032026.pdf","_id":"69aff939d0c0bd2e76fbf921"},{"label":"Download Paper I Result","url":"https://ssc.gov.in/api/attachment/uploads/masterData/Results/LIST_1_06032026.pdf","_id":"69aff939d0c0bd2e76fbf922"},{"label":"Download Paper I Cutoff","url":"https://ssc.gov.in/api/attachment/uploads/masterData/NoticeBoards/Writeup_06032026.pdf","_id":"69aff939d0c0bd2e76fbf923"},{"label":"Download Tentative Vacancy Details","url":"https://ssc.gov.in/api/attachment/uploads/masterData/NoticeBoards/tentative_vacancy_26022026.pdf","_id":"69aff939d0c0bd2e76fbf924"},{"label":"Download Answer Key Notice","url":"https://ssc.gov.in/api/attachment/uploads/masterData/NoticeBoards/je2025_19122025.pdf","_id":"69aff939d0c0bd2e76fbf925"},{"label":"Download Admit Card","url":"https://ssc.gov.in/login","_id":"69aff939d0c0bd2e76fbf926"},{"label":"Self Slot Booking","url":"https://ssc.gov.in/login","_id":"69aff939d0c0bd2e76fbf927"},{"label":"Self Slot Booking Notice","url":"https://ssc.gov.in/api/attachment/uploads/masterData/NoticeBoards/Self_Slot_Notice_07112025.pdf","_id":"69aff939d0c0bd2e76fbf928"},{"label":"Exam Notice","url":"https://ssc.gov.in/api/attachment/uploads/masterData/NoticeBoards/Notice_10112025.pdf","_id":"69aff939d0c0bd2e76fbf929"},{"label":"Apply Online","url":"https://ssc.gov.in/login","_id":"69aff939d0c0bd2e76fbf92a"},{"label":"Download Syllabus","url":"https://tinyurl.com/mv33hkmd","_id":"69aff939d0c0bd2e76fbf92b"},{"label":"Download Notification","url":"https://tinyurl.com/ypbtxksu","_id":"69aff939d0c0bd2e76fbf92c"},{"label":"Official Website","url":"https://ssc.gov.in/","_id":"69aff939d0c0bd2e76fbf92d"}]', '[]', 1, 1773140281, 1773140291);
INSERT OR REPLACE INTO opportunities (id, title, slug, category, organization, advt_no, short_description, important_dates, application_fee, fee_mode, age_limit, vacancy_details, how_to_apply, selection_process, important_links, faqs, is_published, created_at, updated_at) VALUES ('69affa397a0d4fdb10d717a8', 'RRB Junior Engineer JE Answer Key 2026', 'rrb-junior-engineer-je-answer-key-2026-3imii', 'Answer Key', 'Railway Recruitment Board (Ministry of Railway)', 'CEN 05/2025', 'The Railway Recruitment Board (RRB) has released the Answer Key for the Junior Engineer (JE) recruitment exam conducted in February 2026. Candidates can download the official answer key by logging in with their registration credentials.', '[{"event":"Application Start Date","date":"31 October 2025","_id":"69affa397a0d4fdb10d717a9"},{"event":"Last Date to Apply Online","date":"10 December 2025","_id":"69affa397a0d4fdb10d717aa"},{"event":"Last Date for Fee Payment","date":"12 December 2025","_id":"69affa397a0d4fdb10d717ab"},{"event":"Form Edit / Correction Date","date":"13 - 22 December 2025","_id":"69affa397a0d4fdb10d717ac"},{"event":"Application Status","date":"12 January 2026","_id":"69affa397a0d4fdb10d717ad"},{"event":"Revised Exam Date","date":"19-20 February & 25 February 2026","_id":"69affa397a0d4fdb10d717ae"},{"event":"Exam City Details","date":"10 February 2026","_id":"69affa397a0d4fdb10d717af"},{"event":"Admit Card Date","date":"16 February 2026","_id":"69affa397a0d4fdb10d717b0"},{"event":"Answer Key","date":"05 March 2026","_id":"69affa397a0d4fdb10d717b1"}]', '[{"category":"General / OBC / EWS","amount":"₹ 500/-","_id":"69affa397a0d4fdb10d717b2"},{"category":"SC / ST / EBC","amount":"₹ 250/-","_id":"69affa397a0d4fdb10d717b3"},{"category":"All Category female","amount":"₹ 250/-","_id":"69affa397a0d4fdb10d717b4"}]', 'Debit Card, Credit Card, Internet Banking, IMPS, Cash Card / Mobile Wallet', '{"minimumAge":"18 Years","maximumAge":"33 years","asOnDate":"01/01/2026","extraDetails":"RRB provides age relaxation for the Junior Engineer JE position as per their regulations."}', '[{"postName":"Junior Engineer JE","ur":"1096","ews":"246","obc":"620","sc":"411","st":"212","totalPost":"2585","eligibility":"Engineering Diploma / Degree, specific qualifications for JE (IT) and Chemical & Metallurgical Assistant","_id":"69affa397a0d4fdb10d717b5"}]', '[{"step":"Visit the official Railway Recruitment Board (RRB) website of the region where you applied.","_id":"69affa397a0d4fdb10d717b6"},{"step":"On the homepage, go to the Admit Card / Call Letter / Recruitment section.","_id":"69affa397a0d4fdb10d717b7"},{"step":"Look for the link that says “RRB Junior Engineer (JE) Answer Key 2026.”","_id":"69affa397a0d4fdb10d717b8"},{"step":"Click on that Admit Card link when it becomes active.","_id":"69affa397a0d4fdb10d717b9"},{"step":"Enter your Registration Number / Application Number and Date of Birth or Password.","_id":"69affa397a0d4fdb10d717ba"},{"step":"Enter the security captcha if it appears and click on the Submit / Login button.","_id":"69affa397a0d4fdb10d717bb"},{"step":"Download and save the answer key PDF to your device.","_id":"69affa397a0d4fdb10d717bc"}]', '[{"step":"CBT 1","_id":"69affa397a0d4fdb10d717bd"},{"step":"CBT 2","_id":"69affa397a0d4fdb10d717be"},{"step":"Document Verification","_id":"69affa397a0d4fdb10d717bf"},{"step":"Medical Examination","_id":"69affa397a0d4fdb10d717c0"}]', '[{"label":"Download Answer Key","url":"https://rrb.digialm.com/EForms/loginAction.do?subAction=ViewLoginPage&formId=97996&orgId=33128","_id":"69affa397a0d4fdb10d717c1"},{"label":"Check Answer Key Notice","url":"https://www.rrbchennai.gov.in/downloads/JE%20%2005_2025%20objection%20track%20Eng%20v.pdf","_id":"69affa397a0d4fdb10d717c2"},{"label":"Download Admit Card","url":"https://rrb.digialm.com//EForms/configuredHtml/33128/97996/login.html","_id":"69affa397a0d4fdb10d717c3"},{"label":"Download Exam City Details","url":"https://rrb.digialm.com//EForms/configuredHtml/33128/97996/login.html","_id":"69affa397a0d4fdb10d717c4"},{"label":"Check Revised Exam Date Notice","url":"https://rrbahmedabad.gov.in/wp-content/uploads/2025/10/Exam-Notice-CEN-5_2025-JE_CBT-I_City-Intimation_Eng.pdf","_id":"69affa397a0d4fdb10d717c5"},{"label":"Online Mock Test Link","url":"https://cdn4.digialm.com//OnlineAssessment/index.html?33128@@M213","_id":"69affa397a0d4fdb10d717c6"},{"label":"Download Application Status","url":"https://www.rrbapply.gov.in/#/auth/home","_id":"69affa397a0d4fdb10d717c7"},{"label":"Check Application Status Notice","url":"http://sarkariresult.com.cm/wp-content/uploads/2026/01/RRB-JE-Application-status-Notice.webp","_id":"69affa397a0d4fdb10d717c8"},{"label":"Check Exam Date Notice","url":"https://rrbranchi.gov.in/upload/files/pdf/02_36_29pmb034c7768de0c9638664d919ca377c2c.pdf","_id":"69affa397a0d4fdb10d717c9"},{"label":"Apply Online","url":"https://www.rrbapply.gov.in/#/auth/home","_id":"69affa397a0d4fdb10d717ca"},{"label":"Check Vacancy Increased / Date Extend Notice","url":"https://www.rrbguwahati.gov.in/documents/052025JE-Corrigendum1.pdf","_id":"69affa397a0d4fdb10d717cb"},{"label":"Check Corrigendum Notice","url":"http://sarkariresult.com.cm/wp-content/uploads/2025/11/052025JE-Corrigendum1-1-4.pdf","_id":"69affa397a0d4fdb10d717cc"},{"label":"Check Zone Wise Vacancy Details","url":"http://sarkariresult.com.cm/wp-content/uploads/2025/10/04_14_24pm142384bf87cab8ba2918a287b376265c-38-60.pdf","_id":"69affa397a0d4fdb10d717cd"},{"label":"Check Official Notification","url":"https://rrbranchi.gov.in/upload/files/pdf/04_14_24pm142384bf87cab8ba2918a287b376265c.pdf","_id":"69affa397a0d4fdb10d717ce"},{"label":"Check Syllabus & Exam Pattern","url":"http://sarkariresult.com.cm/wp-content/uploads/2025/10/04_14_24pm142384bf87cab8ba2918a287b376265c-19-23.pdf","_id":"69affa397a0d4fdb10d717cf"},{"label":"Railway RRB Official Website","url":"https://indianrailways.gov.in/","_id":"69affa397a0d4fdb10d717d0"}]', '[{"question":"Who releases the RRB JE Answer Key 2026?","answer":"he exam city is released by the Railway Recruitment Board (RRB) through official notifications.","_id":"69affa397a0d4fdb10d717d1"},{"question":"For which post is the RRB JE Exam conducted?","answer":"The exam is conducted for the Junior Engineer (JE) post in Indian Railways.","_id":"69affa397a0d4fdb10d717d2"},{"question":"When will the RRB JE Admit Card 2026 be announced?","answer":"The exam date is usually announced a few weeks before the examination","_id":"69affa397a0d4fdb10d717d3"},{"question":"Is the RRB JE Exam Date released region-wise?","answer":"Yes, the exam date and schedule are released RRB zone-wise.","_id":"69affa397a0d4fdb10d717d4"},{"question":"What is the official website for Railway RRB?","answer":"The official website for Railway RRB is https://indianrailways.gov.in/\n ","_id":"69affa397a0d4fdb10d717d5"}]', 1, 1773140537, 1773140545);
INSERT OR REPLACE INTO opportunities (id, title, slug, category, organization, advt_no, short_description, important_dates, application_fee, fee_mode, age_limit, vacancy_details, how_to_apply, selection_process, important_links, faqs, is_published, created_at, updated_at) VALUES ('69affdfa16e6776ebd4e900f', 'SSC MTS / Havaldar Answer Key 2026', 'ssc-mts-havaldar-answer-key-2026-ixx1i', 'Answer Key', 'Staff Selection Commission (SSC)', NULL, 'The Staff Selection Commission (SSC) has released the Answer Key for the SSC MTS and Havaldar Examination 2026. Candidates can download their answer keys by logging into the official portal using their registration details.', '[{"event":"Online Apply Start Date","date":"26 June 2025","_id":"69affdfa16e6776ebd4e9010"},{"event":"Online Apply Last Date","date":"24 July 2025","_id":"69affdfa16e6776ebd4e9011"},{"event":"Last Date For Fee Payment","date":"25 July 2025","_id":"69affdfa16e6776ebd4e9012"},{"event":"Online Correction","date":"29-31 July 2025","_id":"69affdfa16e6776ebd4e9013"},{"event":"New Correction Date","date":"04 - 06 August 2025","_id":"69affdfa16e6776ebd4e9014"},{"event":"Self Slot Booking","date":"16-25 January 2026","_id":"69affdfa16e6776ebd4e9015"},{"event":"Exam Start Date","date":"04 February 2026","_id":"69affdfa16e6776ebd4e9016"},{"event":"Exam City Details","date":"30 January 2026","_id":"69affdfa16e6776ebd4e9017"},{"event":"Admit Card","date":"02 February 2026","_id":"69affdfa16e6776ebd4e9018"},{"event":"Answer Key","date":"03 March 2026","_id":"69affdfa16e6776ebd4e9019"}]', '[{"category":"General / OBC / EWS","amount":"₹100","_id":"69affdfa16e6776ebd4e901a"},{"category":"SC / ST / Female","amount":"₹0","_id":"69affdfa16e6776ebd4e901b"},{"category":"PH Candidates","amount":"₹0","_id":"69affdfa16e6776ebd4e901c"}]', 'Debit Card, Credit Card, Internet Banking, IMPS, Cash Card / Mobile Wallet', '{"minimumAge":"18 Years","maximumAge":"25-27 Years","asOnDate":"01/08/2025","extraDetails":"SSC provides age relaxation for the MTS / Havaldar position as per their regulations."}', '[{"postName":"Multi Tasking Staff MTS","ur":"","ews":"","obc":"","sc":"","st":"","totalPost":"6810","eligibility":"Candidates Must Have Passed Class 10 from any recognized board.","_id":"69affdfa16e6776ebd4e901d"},{"postName":"Havaldar","ur":"","ews":"","obc":"","sc":"","st":"","totalPost":"1138","eligibility":"Candidates Must Have Passed Class 10 from any recognized board. Physical requirements: Male – 1600m walk in 15 mins, height 157.5 cm, chest 81 cm (fully expanded with minimum expansion of 5 cms.) ; Female – 1 km walk in 20 mins, height 152 cm.","_id":"69affdfa16e6776ebd4e901e"}]', '[{"step":"Open an internet browser on your phone or computer.","_id":"69affdfa16e6776ebd4e901f"},{"step":"Go to the official website of the Staff Selection Commission (SSC).","_id":"69affdfa16e6776ebd4e9020"},{"step":"Find the Admit Card / Candidate Login section.","_id":"69affdfa16e6776ebd4e9021"},{"step":"Click on the notification titled SSC MTS / Havaldar Answer Key 2026.","_id":"69affdfa16e6776ebd4e9022"},{"step":"Enter your Registration Number / Roll Number and Date of Birth / Password.","_id":"69affdfa16e6776ebd4e9023"},{"step":"Submit the details to view your Answer Key and save it as a PDF.","_id":"69affdfa16e6776ebd4e9024"}]', '[{"step":"CBT Written Exam","_id":"69affdfa16e6776ebd4e9025"},{"step":"PET / PST (For Havaldar)","_id":"69affdfa16e6776ebd4e9026"},{"step":"Document Verification","_id":"69affdfa16e6776ebd4e9027"},{"step":"Medical Examination","_id":"69affdfa16e6776ebd4e9028"}]', '[{"label":"Download Answer Key","url":"https://ssc.gov.in/login","_id":"69affdfa16e6776ebd4e9029"},{"label":"Check Answer Key Notice","url":"https://ssc.gov.in/api/attachment/uploads/masterData/NoticeBoards/writeupMTS2025_03032026.pdf","_id":"69affdfa16e6776ebd4e902a"},{"label":"Download Admit Card","url":"https://ssc.gov.in/login","_id":"69affdfa16e6776ebd4e902b"},{"label":"Download Exam City Details","url":"https://ssc.gov.in/login","_id":"69affdfa16e6776ebd4e902c"},{"label":"Check Exam City Notice","url":"https://ssc.gov.in/api/attachment/uploads/masterData/NoticeBoards/Notice_30012026.pdf","_id":"69affdfa16e6776ebd4e902d"},{"label":"Check Application Status","url":"https://ssc.gov.in/login","_id":"69affdfa16e6776ebd4e902e"},{"label":"Online Self Slot Booking Link","url":"https://ssc.gov.in/login","_id":"69affdfa16e6776ebd4e902f"},{"label":"Check Self Slot Booking Notice","url":"http://sarkariresult.com.cm/wp-content/uploads/2026/01/Notice_16012026.pdf","_id":"69affdfa16e6776ebd4e9030"},{"label":"Check Exam Date Notice","url":"https://ssc.gov.in/api/attachment/uploads/masterData/NoticeBoards/Notice_020126.pdf","_id":"69affdfa16e6776ebd4e9031"},{"label":"Check Detailed Vacancy Notice","url":"https://ssc.gov.in/api/attachment/uploads/masterData/NoticeBoards/Tentative_Vacancy_27112025.pdf","_id":"69affdfa16e6776ebd4e9032"},{"label":"Online Correction Link","url":"https://ssc.gov.in/login","_id":"69affdfa16e6776ebd4e9033"},{"label":"Apply Online Link","url":"https://ssc.gov.in/candidate-portal/one-time-registration/home-page","_id":"69affdfa16e6776ebd4e9034"},{"label":"Check Vacancy Details Notice","url":"https://ssc.gov.in/api/attachment/uploads/masterData/NoticeBoards/tentative_vacancy_09092025.pdf","_id":"69affdfa16e6776ebd4e9035"},{"label":"Check New Correction Date Notice","url":"https://ssc.gov.in/api/attachment/uploads/masterData/NoticeBoards/Notice_29072025.pdf","_id":"69affdfa16e6776ebd4e9036"},{"label":"Check Vacancy Increase Notice","url":"https://ssc.gov.in/api/attachment/uploads/masterData/NoticeBoards/Notice_28072025.pdf","_id":"69affdfa16e6776ebd4e9037"},{"label":"Download Official Notification","url":"https://ssc.gov.in/api/attachment/uploads/masterData/NoticeBoards/Notice_of_adv_mts_2025.pdf","_id":"69affdfa16e6776ebd4e9038"},{"label":"SSC Official Website","url":"https://ssc.gov.in/","_id":"69affdfa16e6776ebd4e9039"}]', '[{"question":"When will the SSC MTS / Havaldar Admit Card 2026 be released?","answer":"The admit card is released region-wise, usually 3–4 days before the examination.","_id":"69affdfa16e6776ebd4e903a"},{"question":"From where can I download the Admit Card?","answer":"Candidates can download the Admit Card from the official SSC website or their respective regional SSC website.","_id":"69affdfa16e6776ebd4e903b"},{"question":"What details are required to download the admit card?","answer":"You need your registration number or roll number along with date of birth or password.","_id":"69affdfa16e6776ebd4e903c"},{"question":"Is the admit card released separately for MTS and Havaldar?","answer":" No, the admit card is generally released together for both MTS and Havaldar posts.","_id":"69affdfa16e6776ebd4e903d"},{"question":"What is the official website for SSC?","answer":"The official website for SSC is https://ssc.gov.in/","_id":"69affdfa16e6776ebd4e903e"}]', 1, 1773141498, 1773141502);
INSERT OR REPLACE INTO opportunities (id, title, slug, category, organization, advt_no, short_description, important_dates, application_fee, fee_mode, age_limit, vacancy_details, how_to_apply, selection_process, important_links, faqs, is_published, created_at, updated_at) VALUES ('69affed42686782ed1447f9e', 'Delhi DDA Various Post Result 2026', 'delhi-dda-various-post-result-2026-ls2lr', 'Result', 'Delhi Development Authority (DDA)', '09/2025/Rectt. Cell/Pers./DDA', 'Delhi Development Authority (DDA) has released the results for various Group A, B, and C posts. Candidates can check their results, skill test details, and merit lists on the official DDA website.', '[{"event":"Online Apply Start Date","date":"06 October 2025","_id":"69affed42686782ed1447f9f"},{"event":"Online Apply Last Date","date":"05 November 2025","_id":"69affed42686782ed1447fa0"},{"event":"Last Date For Fee Payment","date":"07 November 2025","_id":"69affed42686782ed1447fa1"},{"event":"Exam Date","date":"16 December 2025 - 03 January 2026","_id":"69affed42686782ed1447fa2"},{"event":"Exam City Details","date":"08 December 2025","_id":"69affed42686782ed1447fa3"},{"event":"Admit Card","date":"14 December 2025","_id":"69affed42686782ed1447fa4"},{"event":"Answer Key","date":"05 January 2026","_id":"69affed42686782ed1447fa5"},{"event":"Result Date","date":"21 January 2026","_id":"69affed42686782ed1447fa6"},{"event":"Result Updated","date":"18 February 2026","_id":"69affed42686782ed1447fa7"},{"event":"Stage-II Skill Test Date","date":"02 - 03 March 2026","_id":"69affed42686782ed1447fa8"}]', '[{"category":"General / EWS / OBC","amount":"₹ 2500/-","_id":"69affed42686782ed1447fa9"},{"category":"SC / ST / PH","amount":"₹ 1500/-","_id":"69affed42686782ed1447faa"},{"category":"All Female Candidates","amount":"₹ 1500/-","_id":"69affed42686782ed1447fab"}]', 'Debit Card, Credit Card, Internet Banking, IMPS, Cash Card / Mobile Wallet', '{"minimumAge":"18 Years","maximumAge":"40 Years","asOnDate":"05/11/2025","extraDetails":"Age relaxation as per DDA regulations."}', '[{"postName":"Deputy Director (Architect)","ur":"","ews":"","obc":"","sc":"","st":"","totalPost":"04","eligibility":"Degree in relevant field","_id":"69affed42686782ed1447fac"},{"postName":"Junior Secretariat Assistant","ur":"","ews":"","obc":"","sc":"","st":"","totalPost":"199","eligibility":"Class 12th with Typing","_id":"69affed42686782ed1447fad"},{"postName":"Multi Tasking Staff","ur":"","ews":"","obc":"","sc":"","st":"","totalPost":"745","eligibility":"Class 10th with Typing","_id":"69affed42686782ed1447fae"}]', '[{"step":"Visit the official website of the Delhi Development Authority (DDA).","_id":"69affed42686782ed1447faf"},{"step":"Go to the Results / Recruitment Results section.","_id":"69affed42686782ed1447fb0"},{"step":"Look for the DDA Various Post Result 2026 link and click it.","_id":"69affed42686782ed1447fb1"},{"step":"Enter required credentials like Registration Number/Roll Number and Date of Birth if prompted.","_id":"69affed42686782ed1447fb2"},{"step":"Download the PDF result or scorecard and print for future reference.","_id":"69affed42686782ed1447fb3"}]', '[{"step":"Written Exam","_id":"69affed42686782ed1447fb4"},{"step":"Interview / Skill Test (Post Wise)","_id":"69affed42686782ed1447fb5"},{"step":"Document Verification","_id":"69affed42686782ed1447fb6"},{"step":"Medical Examination","_id":"69affed42686782ed1447fb7"}]', '[{"label":"Download Result","url":"https://dda.gov.in/latest-jobs","_id":"69affed42686782ed1447fb8"},{"label":"Check Skill Test Re-Schedule Notice","url":"https://dda.gov.in/sites/default/files/latest_jobs/re_schedule_date_for_stage-ii_for_posts_under_dr-2025.pdf","_id":"69affed42686782ed1447fb9"},{"label":"Download ASO Result","url":"https://dda.gov.in/sites/default/files/latest_jobs/website_result25022026.pdf","_id":"69affed42686782ed1447fba"},{"label":"Download Arch. Assistant Result","url":"https://dda.gov.in/sites/default/files/latest_jobs/website_result250220261.pdf","_id":"69affed42686782ed1447fbb"},{"label":"Download Steno Stage-II Result","url":"https://dda.gov.in/sites/default/files/latest_jobs/steno_stage-ii_website.pdf","_id":"69affed42686782ed1447fbc"},{"label":"Download JSA Stage-I Result","url":"https://dda.gov.in/sites/default/files/latest_jobs/jsa_stage_i_result_website.pdf","_id":"69affed42686782ed1447fbd"},{"label":"Check Stage-II Typing Test Date Notice","url":"http://sarkariresult.com.cm/wp-content/uploads/2026/01/DDA-Skill-Test-Exam-Date-1.pdf","_id":"69affed42686782ed1447fbe"},{"label":"Download Legal Assistant Result","url":"https://dda.gov.in/sites/default/files/latest_jobs/website_result_upload20022026.pdf","_id":"69affed42686782ed1447fbf"},{"label":"Download Programmer Result","url":"https://dda.gov.in/sites/default/files/latest_jobs/website_result_programmer.pdf","_id":"69affed42686782ed1447fc0"},{"label":"Download Surveyor Result","url":"https://dda.gov.in/sites/default/files/latest_jobs/website_result_surveyor.pdf","_id":"69affed42686782ed1447fc1"},{"label":"Download Junior Translator Result","url":"https://dda.gov.in/sites/default/files/latest_jobs/untitled_attachment13022026.pdf","_id":"69affed42686782ed1447fc2"},{"label":"Download Deputy/Assistant Director Result","url":"https://dda.gov.in/sites/default/files/latest_jobs/dr_2025_interview_shortlisting.pdf","_id":"69affed42686782ed1447fc3"},{"label":"Check Deputy/Assistant Director Interview Date Notice","url":"https://dda.gov.in/sites/default/files/latest_jobs/interview_schedule_for_website.pdf","_id":"69affed42686782ed1447fc4"},{"label":"Download Assistant Executive Engineer Result","url":"https://dda.gov.in/sites/default/files/latest_jobs/aee_civil_result_website_dated_07.01.2026.pdf","_id":"69affed42686782ed1447fc5"},{"label":"Download Various Post Answer Key","url":"https://cdn.digialm.com/EForms/configuredHtml/1258/95962/login.html","_id":"69affed42686782ed1447fc6"},{"label":"Download Admit Card","url":"https://cdn.digialm.com/EForms/configuredHtml/1258/95962/login.html","_id":"69affed42686782ed1447fc7"},{"label":"Check Stage-II Exam Date Notice","url":"http://sarkariresult.com.cm/wp-content/uploads/2025/12/stage-ii_date.pdf","_id":"69affed42686782ed1447fc8"},{"label":"Download Answer Key","url":"https://cdn.digialm.com/EForms/configuredHtml/1258/95962/login.html","_id":"69affed42686782ed1447fc9"},{"label":"Check Exam City Details","url":"https://cdn.digialm.com/EForms/configuredHtml/1258/95962/login.html","_id":"69affed42686782ed1447fca"},{"label":"Check Exam Date Notice","url":"https://dda.gov.in/sites/default/files/latest_jobs/examination_schedule_dr-2025_dt-05.12.2025.pdf","_id":"69affed42686782ed1447fcb"},{"label":"Apply Online Link","url":"https://cdn.digialm.com/EForms/configuredHtml/1258/95962/Index.html","_id":"69affed42686782ed1447fcc"},{"label":"Check Fee Payment Date Extend Notice","url":"http://sarkariresult.com.cm/wp-content/uploads/2025/11/DDA-2025-Fee-Payment-Date-Extend-Notice.pdf","_id":"69affed42686782ed1447fcd"},{"label":"Check Short Notice","url":"https://dda.gov.in/sites/default/files/latest_jobs/advertisement_no_09_2025_dr_2025.pdf","_id":"69affed42686782ed1447fce"},{"label":"Download Official Notification","url":"https://dda.gov.in/sites/default/files/latest_jobs/dda_final_notification_dr_2025_dated_26_sep_2025.pdf","_id":"69affed42686782ed1447fcf"},{"label":"Check Syllabus & Exam Pattern","url":"http://sarkariresult.com.cm/wp-content/uploads/2025/10/dda_final_notification_dr_2025_dated_26_sep_2025-26-30.pdf","_id":"69affed42686782ed1447fd0"},{"label":"Delhi DDA Official Website","url":"https://dda.gov.in/","_id":"69affed42686782ed1447fd1"}]', '[{"question":"Who releases the Delhi DDA Various Post Result 2026?","answer":"The result is released by the Delhi Development Authority (DDA) on its official website.","_id":"69affed42686782ed1447fd2"},{"question":"How can I check the DDA Various Post Result 2026?","answer":"Candidates can check the result by visiting the official DDA website and accessing the Results / Recruitment section.","_id":"69affed42686782ed1447fd3"},{"question":"Is the result sent by post?","answer":"No, the result is released only in online mode.","_id":"69affed42686782ed1447fd4"}]', 1, 1773141716, 1773141732);
INSERT OR REPLACE INTO opportunities (id, title, slug, category, organization, advt_no, short_description, important_dates, application_fee, fee_mode, age_limit, vacancy_details, how_to_apply, selection_process, important_links, faqs, is_published, created_at, updated_at) VALUES ('69b000beec8c5444499e2c79', 'RRB Junior Engineer JE Answer Key 2026', 'rrb-junior-engineer-je-answer-key-2026-rzq5z', 'Answer Key', 'Railway Recruitment Board (Ministry of Railway)', 'CEN 05/2025', 'Railway Recruitment Board has released the Answer Key for the Junior Engineer (JE) recruitment exam. Candidates who appeared for the CBT exam conducted in February 2026 can download their response sheets using their login credentials.', '[{"event":"Application Start Date","date":"31 October 2025","_id":"69b000beec8c5444499e2c7a"},{"event":"Last Date to Apply Online","date":"10 December 2025","_id":"69b000beec8c5444499e2c7b"},{"event":"Last Date for Fee Payment","date":"12 December 2025","_id":"69b000beec8c5444499e2c7c"},{"event":"Form Edit / Correction Date","date":"13 - 22 December 2025","_id":"69b000beec8c5444499e2c7d"},{"event":"Application Status","date":"12 January 2026","_id":"69b000beec8c5444499e2c7e"},{"event":"Revised Exam Date","date":"19-20 February & 25 February 2026","_id":"69b000beec8c5444499e2c7f"},{"event":"Exam City Details","date":"10 February 2026","_id":"69b000beec8c5444499e2c80"},{"event":"Admit Card Date","date":"16 February 2026","_id":"69b000beec8c5444499e2c81"},{"event":"Answer Key","date":"05 March 2026","_id":"69b000beec8c5444499e2c82"}]', '[{"category":"General / OBC / EWS","amount":"₹ 500","_id":"69b000beec8c5444499e2c83"},{"category":"SC / ST / EBC","amount":"₹ 250","_id":"69b000beec8c5444499e2c84"},{"category":"All Category Female","amount":"₹ 250","_id":"69b000beec8c5444499e2c85"}]', 'Debit Card, Credit Card, Internet Banking, IMPS, Cash Card / Mobile Wallet', '{"minimumAge":"18 Years","maximumAge":"33 Years","asOnDate":"01/01/2026","extraDetails":"Age relaxation as per rules"}', '[{"postName":"Junior Engineer JE","ur":"1096","ews":"246","obc":"620","sc":"411","st":"212","totalPost":"2585","eligibility":"Engineering Diploma / Degree, specific qualifications for JE (IT) and Chemical & Metallurgical Assistant","_id":"69b000beec8c5444499e2c86"}]', '[{"step":"Visit the official Railway Recruitment Board (RRB) website of the region where you applied.","_id":"69b000beec8c5444499e2c87"},{"step":"On the homepage, go to the Admit Card / Call Letter / Recruitment section.","_id":"69b000beec8c5444499e2c88"},{"step":"Look for the link that says “RRB Junior Engineer (JE) Answer Key 2026.”","_id":"69b000beec8c5444499e2c89"},{"step":"Click on that link and enter your Registration Number and Date of Birth/Password.","_id":"69b000beec8c5444499e2c8a"},{"step":"Download and save the answer key PDF to your device.","_id":"69b000beec8c5444499e2c8b"}]', '[{"step":"CBT 1","_id":"69b000beec8c5444499e2c8c"},{"step":"CBT 2","_id":"69b000beec8c5444499e2c8d"},{"step":"Document Verification","_id":"69b000beec8c5444499e2c8e"},{"step":"Medical Examination","_id":"69b000beec8c5444499e2c8f"}]', '[{"label":"Download Answer Key","url":"https://rrb.digialm.com/EForms/loginAction.do?subAction=ViewLoginPage&formId=97996&orgId=33128","_id":"69b000beec8c5444499e2c90"},{"label":"Check Answer Key Notice","url":"https://www.rrbchennai.gov.in/downloads/JE%20%2005_2025%20objection%20track%20Eng%20v.pdf","_id":"69b000beec8c5444499e2c91"},{"label":"Download Admit Card","url":"https://rrb.digialm.com//EForms/configuredHtml/33128/97996/login.html","_id":"69b000beec8c5444499e2c92"},{"label":"Download Exam City Details","url":"https://rrb.digialm.com//EForms/configuredHtml/33128/97996/login.html","_id":"69b000beec8c5444499e2c93"},{"label":"Check Revised Exam Date Notice","url":"https://rrbahmedabad.gov.in/wp-content/uploads/2025/10/Exam-Notice-CEN-5_2025-JE_CBT-I_City-Intimation_Eng.pdf","_id":"69b000beec8c5444499e2c94"},{"label":"Online Mock Test Link","url":"https://cdn4.digialm.com//OnlineAssessment/index.html?33128@@M213","_id":"69b000beec8c5444499e2c95"},{"label":"Download Application Status","url":"https://www.rrbapply.gov.in/#/auth/home","_id":"69b000beec8c5444499e2c96"},{"label":"Check Application Status Notice","url":"http://sarkariresult.com.cm/wp-content/uploads/2026/01/RRB-JE-Application-status-Notice.webp","_id":"69b000beec8c5444499e2c97"},{"label":"Check Exam Date Notice","url":"https://rrbranchi.gov.in/upload/files/pdf/02_36_29pmb034c7768de0c9638664d919ca377c2c.pdf","_id":"69b000beec8c5444499e2c98"},{"label":"Apply Online","url":"https://www.rrbapply.gov.in/#/auth/home","_id":"69b000beec8c5444499e2c99"},{"label":"Check Vacancy Increased / Date Extend Notice","url":"https://www.rrbguwahati.gov.in/documents/052025JE-Corrigendum1.pdf","_id":"69b000beec8c5444499e2c9a"},{"label":"Check Corrigendum Notice","url":"http://sarkariresult.com.cm/wp-content/uploads/2025/11/052025JE-Corrigendum1-1-4.pdf","_id":"69b000beec8c5444499e2c9b"},{"label":"Check Zone Wise Vacancy Details","url":"http://sarkariresult.com.cm/wp-content/uploads/2025/10/04_14_24pm142384bf87cab8ba2918a287b376265c-38-60.pdf","_id":"69b000beec8c5444499e2c9c"},{"label":"Check Official Notification","url":"https://rrbranchi.gov.in/upload/files/pdf/04_14_24pm142384bf87cab8ba2918a287b376265c.pdf","_id":"69b000beec8c5444499e2c9d"},{"label":"Check Syllabus & Exam Pattern","url":"http://sarkariresult.com.cm/wp-content/uploads/2025/10/04_14_24pm142384bf87cab8ba2918a287b376265c-19-23.pdf","_id":"69b000beec8c5444499e2c9e"},{"label":"Railway RRB Official Website","url":"https://indianrailways.gov.in/","_id":"69b000beec8c5444499e2c9f"}]', '[{"question":"Who releases the RRB JE Answer Key 2026?","answer":"The exam city is released by the Railway Recruitment Board (RRB) through official notifications.","_id":"69b000beec8c5444499e2ca0"},{"question":"For which post is the RRB JE Exam conducted?","answer":"The exam is conducted for the Junior Engineer (JE) post in Indian Railways.","_id":"69b000beec8c5444499e2ca1"},{"question":"When will the RRB JE Admit Card 2026 be announced?","answer":"The exam date is usually announced a few weeks before the examination.","_id":"69b000beec8c5444499e2ca2"},{"question":"Is the RRB JE Exam Date released region-wise?","answer":"Yes, the exam date and schedule are released RRB zone-wise.","_id":"69b000beec8c5444499e2ca3"},{"question":"What is the official website for Railway RRB?","answer":"The official website for Railway RRB is https://indianrailways.gov.in/\n ","_id":"69b000beec8c5444499e2ca4"}]', 1, 1773142206, 1773142213);
INSERT OR REPLACE INTO opportunities (id, title, slug, category, organization, advt_no, short_description, important_dates, application_fee, fee_mode, age_limit, vacancy_details, how_to_apply, selection_process, important_links, faqs, is_published, created_at, updated_at) VALUES ('69b001f9155d901f39731f60', 'DUVASU Mathura PVT Online Form 2026', 'duvasu-mathura-pvt-online-form-2026-wvbbu', 'Admission', 'UP Pt. Deen Dayal Upadhyaya Pashu Chikitsa, Mathura (DUVASU)', NULL, 'DUVASU Mathura has released the notification for UGEE, PGEE, and DEE 2026 admissions. Interested and eligible candidates can apply online until 15 April 2026.', '[{"event":"Online Apply Start Date","date":"15 February 2026","_id":"69b001f9155d901f39731f61"},{"event":"Last Date for Apply Online","date":"15 April 2026","_id":"69b001f9155d901f39731f62"},{"event":"Last Date Online Payment","date":"15 April 2026","_id":"69b001f9155d901f39731f63"},{"event":"Exam Date (UGEE)","date":"17 May 2026","_id":"69b001f9155d901f39731f64"},{"event":"Exam Date (DEE)","date":"07 June 2026","_id":"69b001f9155d901f39731f65"},{"event":"Exam Date (PGEE)","date":"21 June 2026","_id":"69b001f9155d901f39731f66"}]', '[{"category":"General / OBC","amount":"₹ 2000/-","_id":"69b001f9155d901f39731f67"},{"category":"SC / ST / PH","amount":"₹ 2000/-","_id":"69b001f9155d901f39731f68"}]', 'Debit Card, Credit Card, Internet Banking, IMPS, Cash Card / Mobile Wallet', '{"minimumAge":"17 Years","maximumAge":"25 Years","asOnDate":"31/12/2026","extraDetails":"Age relaxation as per rules mentioned by DUVASU notification."}', '[{"postName":"Various Courses (UGEE, PGEE, DEE)","ur":"","ews":"","obc":"","sc":"","st":"","totalPost":"350 Seats","eligibility":"Varies by course (See notification)","_id":"69b001f9155d901f39731f69"}]', '[{"step":"Interested candidates should check the official notification before applying.","_id":"69b001f9155d901f39731f6a"},{"step":"Submit the application form online via the official website or provided link before 15 April 2026.","_id":"69b001f9155d901f39731f6b"},{"step":"Ensure all details are correct and complete the payment before the deadline.","_id":"69b001f9155d901f39731f6c"}]', '[{"step":"Selection will be based on Entrance Test.","_id":"69b001f9155d901f39731f6d"}]', '[{"label":"Apply Online Link","url":"https://www.duvasu.com/entrance-exam-registration/login","_id":"69b001f9155d901f39731f6e"},{"label":"Check Official Notification","url":"https://www.duvasu.com/UploadFile/96909508935231784347894578/prospectus/fu_20260215132909685_764c4f26.pdf","_id":"69b001f9155d901f39731f6f"},{"label":"DUVASU Official Website","url":"https://www.upvetuniv.edu.in/","_id":"69b001f9155d901f39731f70"}]', '[{"question":"When Will The Online Application For DUVASU Mathura PVT Online Form 2026 Start?","answer":"The Online Application For This Exam Has Started From 15 February 2026.","_id":"69b001f9155d901f39731f71"},{"question":"What Is The Last Date For DUVASU Mathura PVT Online Form 2026?","answer":"The Last Date To Apply Online For This Exam Is 15 April 2026.","_id":"69b001f9155d901f39731f72"},{"question":"What Is The Age Limit For DUVASU Mathura PVT Online Form 2026?","answer":"The Age Limit For Candidates Applying For This Exam Is As Per The DUVASU Mathura PVT Rules.","_id":"69b001f9155d901f39731f73"},{"question":"What Is The Eligibility For DUVASU Mathura PVT Online Form 2026?","answer":"The Eligibility For Candidates Applying For This Exam Is As Per The DUVASU Mathura PVT Rules.","_id":"69b001f9155d901f39731f74"},{"question":"What Is The Official Website Of DUVASU Mathura PVT?","answer":"The Official Website Of DUVASU Mathura PVT Is Https://Www.Upvetuniv.Edu.In/","_id":"69b001f9155d901f39731f75"}]', 1, 1773142521, 1773142542);
INSERT OR REPLACE INTO requests (id, title, description, university, subject, requester_id, status, fulfilled_by_id, fulfillment_note_id, created_at) VALUES ('699edbde4fc15d3a71c0b79a', 'Dsa first unit', 'DSA first unit simple notes needed for quick revision', 'Aktu', 'DSA', '699b4b860c69efac7842364f', 'fulfilled', '699a063a4e77e5813c143ae9', NULL, 1772018654);
INSERT OR REPLACE INTO requests (id, title, description, university, subject, requester_id, status, fulfilled_by_id, fulfillment_note_id, created_at) VALUES ('69aef5a0d646e75e6a8c6857', 'DBMS first unit notes (last minute revision)', 'i want such type of notes which i can use to revise in max 10 minutes like outside the exam centre or any other place', 'Aktu', 'Database Management Systems (DBMS)', '6999f5c97fd0a3284057c63d', 'pending', NULL, NULL, 1773073824);
INSERT OR REPLACE INTO conversations (id, last_message_id, pinned_message_id, created_at, updated_at) VALUES ('699b50e96d819ce01caf51e1', NULL, NULL, 1771786473, 1771786473);
INSERT OR REPLACE INTO conversations (id, last_message_id, pinned_message_id, created_at, updated_at) VALUES ('69a5a34e646231ba54b603bd', '69a6e022c101c47e50604dea', NULL, 1772462926, 1772544034);
INSERT OR REPLACE INTO conversations (id, last_message_id, pinned_message_id, created_at, updated_at) VALUES ('69a6dfe7c101c47e50604db9', '69a6e04ec101c47e50604e17', NULL, 1772543975, 1772544078);
INSERT OR REPLACE INTO messages (id, conversation_id, sender_id, content, image_url, file_url, file_name, reply_to, reactions, edited, deleted_for_everyone, pinned, created_at, updated_at) VALUES ('69a5b34f21feff55afaaaf8f', '69a5a34e646231ba54b603bd', '69a59b7149a8325ae36b3132', 'Hii', NULL, NULL, NULL, NULL, '[]', 0, 0, 0, 1772467023, 1772467097);
INSERT OR REPLACE INTO messages (id, conversation_id, sender_id, content, image_url, file_url, file_name, reply_to, reactions, edited, deleted_for_everyone, pinned, created_at, updated_at) VALUES ('69a5b3a09bdba597fcbfb8f6', '69a5a34e646231ba54b603bd', '699b4b860c69efac7842364f', 'Hi', NULL, NULL, NULL, NULL, '[]', 0, 0, 0, 1772467104, 1772467105);
INSERT OR REPLACE INTO messages (id, conversation_id, sender_id, content, image_url, file_url, file_name, reply_to, reactions, edited, deleted_for_everyone, pinned, created_at, updated_at) VALUES ('69a5b3ad9bdba597fcbfb8fd', '69a5a34e646231ba54b603bd', '69a59b7149a8325ae36b3132', 'I doubt ', NULL, NULL, NULL, '{"_id":"69a5b3a09bdba597fcbfb8f6","content":"Hi","sender":"699b4b860c69efac7842364f"}', '[]', 0, 0, 0, 1772467117, 1772467118);
INSERT OR REPLACE INTO messages (id, conversation_id, sender_id, content, image_url, file_url, file_name, reply_to, reactions, edited, deleted_for_everyone, pinned, created_at, updated_at) VALUES ('69a5b3b49bdba597fcbfb902', '69a5a34e646231ba54b603bd', '699b4b860c69efac7842364f', 'Kya', NULL, NULL, NULL, NULL, '[]', 0, 0, 0, 1772467124, 1772467125);
INSERT OR REPLACE INTO messages (id, conversation_id, sender_id, content, image_url, file_url, file_name, reply_to, reactions, edited, deleted_for_everyone, pinned, created_at, updated_at) VALUES ('69a5b3cf9bdba597fcbfb908', '69a5a34e646231ba54b603bd', '69a59b7149a8325ae36b3132', 'Billo bagha billya tha ky kra ge 🥲', NULL, NULL, NULL, NULL, '[]', 0, 0, 0, 1772467151, 1772467152);
INSERT OR REPLACE INTO messages (id, conversation_id, sender_id, content, image_url, file_url, file_name, reply_to, reactions, edited, deleted_for_everyone, pinned, created_at, updated_at) VALUES ('69a5b3e89bdba597fcbfb916', '69a5a34e646231ba54b603bd', '69a59b7149a8325ae36b3132', 'Ohk sir ', NULL, NULL, NULL, NULL, '[{"emoji":"👍","userId":"699b4b860c69efac7842364f","_id":"69a5b3ed9bdba597fcbfb91b"}]', 0, 0, 0, 1772467176, 1772467181);
INSERT OR REPLACE INTO messages (id, conversation_id, sender_id, content, image_url, file_url, file_name, reply_to, reactions, edited, deleted_for_everyone, pinned, created_at, updated_at) VALUES ('69a5ba172e9208281363deff', '69a5a34e646231ba54b603bd', '69a59b7149a8325ae36b3132', 'Hii', NULL, NULL, NULL, NULL, '[]', 0, 0, 0, 1772468759, 1772544028);
INSERT OR REPLACE INTO messages (id, conversation_id, sender_id, content, image_url, file_url, file_name, reply_to, reactions, edited, deleted_for_everyone, pinned, created_at, updated_at) VALUES ('69a6e022c101c47e50604dea', '69a5a34e646231ba54b603bd', '699b4b860c69efac7842364f', 'Hi', NULL, NULL, NULL, NULL, '[]', 0, 0, 0, 1772544034, 1772544034);
INSERT OR REPLACE INTO messages (id, conversation_id, sender_id, content, image_url, file_url, file_name, reply_to, reactions, edited, deleted_for_everyone, pinned, created_at, updated_at) VALUES ('69a5b3df9bdba597fcbfb90f', '69a5a34e646231ba54b603bd', '699b4b860c69efac7842364f', 'Ye to.mujhe bhi nhi pta kaka ji se pucho', NULL, NULL, NULL, NULL, '[{"emoji":"❤️","userId":"69a59b7149a8325ae36b3132","_id":"69a5b3fdbb41ecb8c5399aad"},{"emoji":"😂","userId":"69a59b7149a8325ae36b3132","_id":"69a5b40c193e9f4765370a1c"}]', 0, 0, 0, 1772467167, 1772467212);
INSERT OR REPLACE INTO messages (id, conversation_id, sender_id, content, image_url, file_url, file_name, reply_to, reactions, edited, deleted_for_everyone, pinned, created_at, updated_at) VALUES ('69a6dfeac101c47e50604dc1', '69a6dfe7c101c47e50604db9', '69a5b515c402cb76b4590931', 'Hii', NULL, NULL, NULL, NULL, '[]', 0, 0, 0, 1772543978, 1772544042);
INSERT OR REPLACE INTO messages (id, conversation_id, sender_id, content, image_url, file_url, file_name, reply_to, reactions, edited, deleted_for_everyone, pinned, created_at, updated_at) VALUES ('69a6e0311ec08492c8769f2e', '69a6dfe7c101c47e50604db9', '699b4b860c69efac7842364f', 'Hi how are u', NULL, NULL, NULL, NULL, '[]', 0, 0, 0, 1772544049, 1772544071);
INSERT OR REPLACE INTO messages (id, conversation_id, sender_id, content, image_url, file_url, file_name, reply_to, reactions, edited, deleted_for_everyone, pinned, created_at, updated_at) VALUES ('69a6e04ec101c47e50604e17', '69a6dfe7c101c47e50604db9', '69a5b515c402cb76b4590931', 'Jai ', NULL, NULL, NULL, NULL, '[]', 0, 0, 0, 1772544078, 1772544079);
INSERT OR REPLACE INTO transactions (id, buyer_id, seller_id, note_id, bundle_id, amount, admin_fee, seller_earnings, razorpay_order_id, razorpay_payment_id, status, created_at, updated_at) VALUES ('69abeb3aa3c3d8c065a48022', '699b4b860c69efac7842364f', '6999f1a6335e35fbefd6dd9f', NULL, NULL, 49, 9.8, 39.2, 'order_SOHTVu5zjqiAcf', 'pay_SOHU82J4cQ44Rx', 'completed', 1772874554, 1772874604);
INSERT OR REPLACE INTO transactions (id, buyer_id, seller_id, note_id, bundle_id, amount, admin_fee, seller_earnings, razorpay_order_id, razorpay_payment_id, status, created_at, updated_at) VALUES ('69ac5189c71afc85b284d062', '6999f1a6335e35fbefd6dd9f', '699b4b860c69efac7842364f', '699d79bec2f7a122b459d027', NULL, 49, 9.8, 39.2, 'order_SOOv3ewsD6ES1C', 'pay_SOOvUeuEnF4zzT', 'completed', 1772900745, 1772900787);
INSERT OR REPLACE INTO transactions (id, buyer_id, seller_id, note_id, bundle_id, amount, admin_fee, seller_earnings, razorpay_order_id, razorpay_payment_id, status, created_at, updated_at) VALUES ('69ae4dc0350de6f21d11bc49', '6999f1a6335e35fbefd6dd9f', '699b4b860c69efac7842364f', NULL, '69ae4c577d27c91ef9e850aa', 89, 17.8, 71.2, 'order_SOzr62EztoofMc', 'pay_SOzrOEAMUFGcWe', 'completed', 1773030848, 1773030881);
INSERT OR REPLACE INTO transactions (id, buyer_id, seller_id, note_id, bundle_id, amount, admin_fee, seller_earnings, razorpay_order_id, razorpay_payment_id, status, created_at, updated_at) VALUES ('69aeda1ad3898922c788b2f7', '6999f1a6335e35fbefd6dd9f', '699b4b860c69efac7842364f', NULL, '699c1b928c84946ef0e42ff1', 49, 9.8, 39.2, 'order_SPA3dpGqQ5MToI', 'pay_SPA3wZQ54EULoY', 'completed', 1773066778, 1773066812);
INSERT OR REPLACE INTO purchases (id, user_id, item_id, item_type, amount, notes_snapshot, purchased_at) VALUES ('ce69fead-4c72-4574-9b9d-99ac4216b676', '6999f1a6335e35fbefd6dd9f', '699d79bec2f7a122b459d027', 'note', 0, '[]', 1773138787);
INSERT OR REPLACE INTO purchases (id, user_id, item_id, item_type, amount, notes_snapshot, purchased_at) VALUES ('8e211936-17ba-4095-a796-b754ae8dacc8', '6999f1a6335e35fbefd6dd9f', '69ad9607ea3e00d85a16edf2', 'note', 0, '[]', 1773138787);
INSERT OR REPLACE INTO purchases (id, user_id, item_id, item_type, amount, notes_snapshot, purchased_at) VALUES ('69aeda3cd3898922c788b2fd', '6999f1a6335e35fbefd6dd9f', '699c1b928c84946ef0e42ff1', 'collection', 0, '["69ad9607ea3e00d85a16edf2","699d79bec2f7a122b459d027"]', 1773066812);
INSERT OR REPLACE INTO notifications (id, recipient_id, actor_id, type, message, link, is_read, created_at) VALUES ('69a037d7332549419c9d7146', '699a063a4e77e5813c143ae9', '699b4b860c69efac7842364f', 'SYSTEM', 'Someone replied to your comment on "Deep Learning all unit notes | DL notes | deep learning notes by beevi learning ".', '/notes/699b71b62aa3775bfa33906b#reviews', 1, 1772107735);
INSERT OR REPLACE INTO notifications (id, recipient_id, actor_id, type, message, link, is_read, created_at) VALUES ('69a5a0c620b0b598f0c7bbd9', '6999fc77ad89c11a7aa8b053', '69a59b7149a8325ae36b3132', 'SYSTEM', 'Someone just left a 5-star review on your article "Introducing StuHive: The Cinematic Academic Discovery Engine 🐝".', '/blogs/introducing-stuhive-the-cinematic-academic-discovery-engine#reviews', 1, 1772462278);
INSERT OR REPLACE INTO notifications (id, recipient_id, actor_id, type, message, link, is_read, created_at) VALUES ('69a5b8339bdba597fcbfbac3', '69a59b7149a8325ae36b3132', NULL, 'FEATURED', 'Congratulations! Your article "How to focus on study " was featured by an Admin.', '/blogs/how-to-focus-on-study', 1, 1772468275);
INSERT OR REPLACE INTO notifications (id, recipient_id, actor_id, type, message, link, is_read, created_at) VALUES ('69a64dadfe4b354e2abcd00c', '69a59b7149a8325ae36b3132', '69a5b515c402cb76b4590931', 'SYSTEM', 'Someone just left a 5-star review on your article "How to focus on study ".', '/blogs/how-to-focus-on-study#reviews', 0, 1772506541);
INSERT OR REPLACE INTO notifications (id, recipient_id, actor_id, type, message, link, is_read, created_at) VALUES ('69aae784158b71f4b4261bcb', '69a59b7149a8325ae36b3132', '699a063a4e77e5813c143ae9', 'SYSTEM', 'Aadi Wrld started following you!', '/profile/699a063a4e77e5813c143ae9', 0, 1772808068);
INSERT OR REPLACE INTO notifications (id, recipient_id, actor_id, type, message, link, is_read, created_at) VALUES ('69a91ce5cdc39298ab73a227', '6999fe84ad6b48a9d9b2a766', '69a91c49023a20501dab0101', 'SYSTEM', 'Srashti Rathi started following you!', '/profile/69a91c49023a20501dab0101', 1, 1772690661);
INSERT OR REPLACE INTO notifications (id, recipient_id, actor_id, type, message, link, is_read, created_at) VALUES ('69abdda9796fd3e2f4676823', '69a91c49023a20501dab0101', '6999fe84ad6b48a9d9b2a766', 'SYSTEM', 'Aakriti Gupta started following you!', '/profile/6999fe84ad6b48a9d9b2a766', 0, 1772871081);
INSERT OR REPLACE INTO notifications (id, recipient_id, actor_id, type, message, link, is_read, created_at) VALUES ('69abeb6ca3c3d8c065a4802a', '6999f1a6335e35fbefd6dd9f', '699b4b860c69efac7842364f', 'SYSTEM', 'Great news! Someone purchased "dhg". ₹39.20 has been added to your wallet.', '/wallet', 1, 1772874604);
INSERT OR REPLACE INTO notifications (id, recipient_id, actor_id, type, message, link, is_read, created_at) VALUES ('69a91c753335beb9c0b06fb4', '6999f1a6335e35fbefd6dd9f', '69a91c49023a20501dab0101', 'SYSTEM', 'Srashti Rathi started following you!', '/profile/69a91c49023a20501dab0101', 1, 1772690549);
INSERT OR REPLACE INTO notifications (id, recipient_id, actor_id, type, message, link, is_read, created_at) VALUES ('69ac51b4c71afc85b284d078', '6999f1a6335e35fbefd6dd9f', '699b4b860c69efac7842364f', 'SYSTEM', 'Purchase confirmed! "Data Structure and Algorithms (DSA) unit 1 notes | master dsa | array | linked list | Searching | Asymptotic Notations" is now available in your Library.', '/library', 1, 1772900788);
INSERT OR REPLACE INTO notifications (id, recipient_id, actor_id, type, message, link, is_read, created_at) VALUES ('69ac5697c8af65f3f65cf8be', '6999f1a6335e35fbefd6dd9f', NULL, 'SYSTEM', 'Your payout of ₹39.20 has been processed! The funds should reflect in your account shortly.', '/profile', 1, 1772902039);
INSERT OR REPLACE INTO notifications (id, recipient_id, actor_id, type, message, link, is_read, created_at) VALUES ('69ad629a3ef6ffe93b284bf0', '699b41fb343a35a525f5c033', NULL, 'SYSTEM', 'Congratulations! You have been verified as an Expert Educator. Your notes now carry a premium trust badge.', '/profile', 0, 1772970650);
INSERT OR REPLACE INTO notifications (id, recipient_id, actor_id, type, message, link, is_read, created_at) VALUES ('69ad6c702dd731d5eacaaf2a', '699a063a4e77e5813c143ae9', '699b4b860c69efac7842364f', 'SYSTEM', 'Someone replied to your comment on "GNIOT Greater Noida Review: Courses, Fees, Placements, Hostel & Admission Process".', '/blogs/gniot-greater-noida-review-courses-fees-placements-hostel-admission-process#reviews', 1, 1772973168);
INSERT OR REPLACE INTO notifications (id, recipient_id, actor_id, type, message, link, is_read, created_at) VALUES ('69ad6d38dedd74f570d7f6db', '699a063a4e77e5813c143ae9', '699b4b860c69efac7842364f', 'SYSTEM', 'Someone replied to your comment on "Deep learning unit  notes |deep learning simple | deep learning notes simple quick revision".', '/notes/deep-learning-unit-notes-deep-learning-simple-deep-learning-notes-simple-quick-revision-9557#reviews', 1, 1772973368);
INSERT OR REPLACE INTO notifications (id, recipient_id, actor_id, type, message, link, is_read, created_at) VALUES ('69ad8919b0f90029b236d8e3', '6999f1a6335e35fbefd6dd9f', NULL, 'SYSTEM', 'Congratulations! You have been verified as an Expert Educator. Your notes now carry a premium trust badge.', '/profile', 1, 1772980505);
INSERT OR REPLACE INTO notifications (id, recipient_id, actor_id, type, message, link, is_read, created_at) VALUES ('69ae4de1350de6f21d11bc53', '6999f1a6335e35fbefd6dd9f', '699b4b860c69efac7842364f', 'SYSTEM', 'Purchase confirmed! "dsa" is now available.', '/shared-collections/dsa', 1, 1773030881);
INSERT OR REPLACE INTO notifications (id, recipient_id, actor_id, type, message, link, is_read, created_at) VALUES ('69ae4de1350de6f21d11bc51', '699b4b860c69efac7842364f', '6999f1a6335e35fbefd6dd9f', 'SYSTEM', 'Great news! Someone purchased your bundle "dsa". ₹71.20 has been added to your wallet.', '/wallet', 1, 1773030881);
INSERT OR REPLACE INTO notifications (id, recipient_id, actor_id, type, message, link, is_read, created_at) VALUES ('69ad6f9f95eab3e8fc873316', '69a5b515c402cb76b4590931', '699a063a4e77e5813c143ae9', 'SYSTEM', 'Someone replied to your comment on "India face the fuel shortage during the Israel".', '/blogs/india-face-the-fuel-shortage-during-the-israel#reviews', 1, 1772973983);
INSERT OR REPLACE INTO notifications (id, recipient_id, actor_id, type, message, link, is_read, created_at) VALUES ('69aeda3cd3898922c788b301', '699b4b860c69efac7842364f', '6999f1a6335e35fbefd6dd9f', 'SYSTEM', 'Great news! Someone purchased your bundle "DBMS Notes". ₹39.20 added to pending balance (7-day hold).', '/wallet', 1, 1773066812);
INSERT OR REPLACE INTO notifications (id, recipient_id, actor_id, type, message, link, is_read, created_at) VALUES ('69aeda3cd3898922c788b303', '6999f1a6335e35fbefd6dd9f', '699b4b860c69efac7842364f', 'SYSTEM', 'Purchase confirmed! "DBMS Notes" is now available in your library.', '/shared-collections/dbms-notes', 1, 1773066812);
INSERT OR REPLACE INTO notifications (id, recipient_id, actor_id, type, message, link, is_read, created_at) VALUES ('69aefbae52ab3ab0b1d1b3ce', '69aafc9ea51d2ba093fe0daa', NULL, 'SYSTEM', 'Congratulations! You have been verified as an Expert Educator. Your notes now carry a premium trust badge.', '/profile', 0, 1773075374);
INSERT OR REPLACE INTO notifications (id, recipient_id, actor_id, type, message, link, is_read, created_at) VALUES ('69aefc507898200034b884fc', '69a5b515c402cb76b4590931', NULL, 'FEATURED', 'Congratulations! Your article "India face the fuel shortage during the Israel" was featured by an Admin.', '/blogs/india-face-the-fuel-shortage-during-the-israel', 0, 1773075536);
INSERT OR REPLACE INTO notifications (id, recipient_id, actor_id, type, message, link, is_read, created_at) VALUES ('69aefc3752ab3ab0b1d1b465', '699b4b860c69efac7842364f', NULL, 'FEATURED', 'Congratulations! Your note "AKTU DBMS Unit 4 Notes: Transaction & Concurrency Control | B.Tech CSE (Engineering Express)" was featured by an Admin.', '/notes/69aeeeab2067360e950e05a3', 1, 1773075511);
INSERT OR REPLACE INTO notifications (id, recipient_id, actor_id, type, message, link, is_read, created_at) VALUES ('69aefc308c41a98ddbf870ec', '699b4b860c69efac7842364f', NULL, 'FEATURED', 'Congratulations! Your note "AKTU DBMS Unit 4 Notes: Transaction & Concurrency Control | B.Tech CSE (Engineering Express)" was featured by an Admin.', '/notes/69aeeeab2067360e950e05a3', 1, 1773075504);
INSERT OR REPLACE INTO user_analytics (id, user_id, date, views, downloads) VALUES ('69a5a068f0998148fa002960', '69a59b7149a8325ae36b3132', '2026-03-02', 7, 0);
INSERT OR REPLACE INTO user_analytics (id, user_id, date, views, downloads) VALUES ('69a1910d2cfeded3790e7410', '6999f9d3ad6b48a9d9b2a70c', '2026-02-27', 22, 0);
INSERT OR REPLACE INTO user_analytics (id, user_id, date, views, downloads) VALUES ('69abebbf988b8d36fa0f5370', '69a59b7149a8325ae36b3132', '2026-03-07', 1, 0);
INSERT OR REPLACE INTO user_analytics (id, user_id, date, views, downloads) VALUES ('69a4d65dcfc9772893028bd0', '699b4b860c69efac7842364f', '2026-03-02', 68, 0);
INSERT OR REPLACE INTO user_analytics (id, user_id, date, views, downloads) VALUES ('69a5013cc48a5e0d9d081e70', '699a063a4e77e5813c143ae9', '2026-03-02', 9, 1);
INSERT OR REPLACE INTO user_analytics (id, user_id, date, views, downloads) VALUES ('69a01ff6758cde4f9c0e9230', '6999fc77ad89c11a7aa8b053', '2026-02-26', 10, 0);
INSERT OR REPLACE INTO user_analytics (id, user_id, date, views, downloads) VALUES ('69a064ebe8e6603236010890', '6999fe84ad6b48a9d9b2a766', '2026-02-26', 2, 0);
INSERT OR REPLACE INTO user_analytics (id, user_id, date, views, downloads) VALUES ('69a38fa75d10fec9c30d89b0', '6999f1a6335e35fbefd6dd9f', '2026-03-01', 4, 0);
INSERT OR REPLACE INTO user_analytics (id, user_id, date, views, downloads) VALUES ('69a0df500d561104e0032250', '699c8264f81f72bb6648c4cc', '2026-02-27', 12, 0);
INSERT OR REPLACE INTO user_analytics (id, user_id, date, views, downloads) VALUES ('69a01d8f2473709209021d50', '699c8264f81f72bb6648c4cc', '2026-02-26', 17, 0);
INSERT OR REPLACE INTO user_analytics (id, user_id, date, views, downloads) VALUES ('69a534f78267b3593a0e9e90', '6999fe84ad6b48a9d9b2a766', '2026-03-02', 8, 2);
INSERT OR REPLACE INTO user_analytics (id, user_id, date, views, downloads) VALUES ('69a126d315aaf1ff9e0d9470', '6999fc77ad89c11a7aa8b053', '2026-02-27', 3, 0);
INSERT OR REPLACE INTO user_analytics (id, user_id, date, views, downloads) VALUES ('69a55438780f2f544c0504c0', '6999f9d3ad6b48a9d9b2a70c', '2026-03-02', 1, 0);
INSERT OR REPLACE INTO user_analytics (id, user_id, date, views, downloads) VALUES ('69a39d61566120f79d087000', '699a063a4e77e5813c143ae9', '2026-03-01', 12, 0);
INSERT OR REPLACE INTO user_analytics (id, user_id, date, views, downloads) VALUES ('69a01f7132d3ca6cf10ccf21', '699b41fb343a35a525f5c033', '2026-02-26', 2, 0);
INSERT OR REPLACE INTO user_analytics (id, user_id, date, views, downloads) VALUES ('69a2711a9d78c3ed3b0dbdc0', '6999fc77ad89c11a7aa8b053', '2026-02-28', 1, 0);
INSERT OR REPLACE INTO user_analytics (id, user_id, date, views, downloads) VALUES ('69a2714355cea5fceb0c60e0', '699b41fb343a35a525f5c033', '2026-02-28', 3, 0);
INSERT OR REPLACE INTO user_analytics (id, user_id, date, views, downloads) VALUES ('69a01f269639f9c2890763e0', '699a063a4e77e5813c143ae9', '2026-02-26', 8, 0);
INSERT OR REPLACE INTO user_analytics (id, user_id, date, views, downloads) VALUES ('69a0077452002d39df09f350', '6999f1a6335e35fbefd6dd9f', '2026-02-26', 12, 1);
INSERT OR REPLACE INTO user_analytics (id, user_id, date, views, downloads) VALUES ('69a55e00f347fbff9305a500', '6999f5c97fd0a3284057c63d', '2026-03-02', 1, 0);
INSERT OR REPLACE INTO user_analytics (id, user_id, date, views, downloads) VALUES ('69a719327b9758150a0e7ad0', '699b41fb343a35a525f5c033', '2026-03-03', 1, 0);
INSERT OR REPLACE INTO user_analytics (id, user_id, date, views, downloads) VALUES ('69a00ff732d3ca6cf10ccf20', '699b4b860c69efac7842364f', '2026-02-26', 85, 2);
INSERT OR REPLACE INTO user_analytics (id, user_id, date, views, downloads) VALUES ('69a48744dac6a1c449034620', '699c8264f81f72bb6648c4cc', '2026-03-01', 1, 0);
INSERT OR REPLACE INTO user_analytics (id, user_id, date, views, downloads) VALUES ('69a71948b7d31095ad0ba760', '6999fc77ad89c11a7aa8b053', '2026-03-03', 1, 0);
INSERT OR REPLACE INTO user_analytics (id, user_id, date, views, downloads) VALUES ('69a27179cf09489c3407d240', '6999fe84ad6b48a9d9b2a766', '2026-02-28', 4, 0);
INSERT OR REPLACE INTO user_analytics (id, user_id, date, views, downloads) VALUES ('69a6752c67e67ee746090950', '699a063a4e77e5813c143ae9', '2026-03-03', 7, 0);
INSERT OR REPLACE INTO user_analytics (id, user_id, date, views, downloads) VALUES ('69a248520efbcd57ab011d50', '6999f9d3ad6b48a9d9b2a70c', '2026-02-28', 2, 0);
INSERT OR REPLACE INTO user_analytics (id, user_id, date, views, downloads) VALUES ('69a8c84a0fa7cca7fe01eb40', '699c8264f81f72bb6648c4cc', '2026-03-05', 8, 0);
INSERT OR REPLACE INTO user_analytics (id, user_id, date, views, downloads) VALUES ('69a271d055cea5fceb0c60e1', '699a063a4e77e5813c143ae9', '2026-02-28', 3, 0);
INSERT OR REPLACE INTO user_analytics (id, user_id, date, views, downloads) VALUES ('69a18e735830888ba50a17d0', '699b41fb343a35a525f5c033', '2026-02-27', 33, 0);
INSERT OR REPLACE INTO user_analytics (id, user_id, date, views, downloads) VALUES ('69a386f0cea04c784a0e0710', '699b4b860c69efac7842364f', '2026-03-01', 32, 1);
INSERT OR REPLACE INTO user_analytics (id, user_id, date, views, downloads) VALUES ('69a271939d78c3ed3b0dbdc1', '6999f1a6335e35fbefd6dd9f', '2026-02-28', 4, 0);
INSERT OR REPLACE INTO user_analytics (id, user_id, date, views, downloads) VALUES ('69a25d7e7339b3baef002fd0', '699b4b860c69efac7842364f', '2026-02-28', 59, 0);
INSERT OR REPLACE INTO user_analytics (id, user_id, date, views, downloads) VALUES ('69a23097f7bc80a2090213d0', '699c8264f81f72bb6648c4cc', '2026-02-28', 11, 0);
INSERT OR REPLACE INTO user_analytics (id, user_id, date, views, downloads) VALUES ('69a62b91aa982e7c580270f0', '699b4b860c69efac7842364f', '2026-03-03', 45, 1);
INSERT OR REPLACE INTO user_analytics (id, user_id, date, views, downloads) VALUES ('69a64f7c4f33ff355306d050', '6999f1a6335e35fbefd6dd9f', '2026-03-03', 12, 1);
INSERT OR REPLACE INTO user_analytics (id, user_id, date, views, downloads) VALUES ('69a139935975c640590f6a70', '6999f5c97fd0a3284057c63d', '2026-02-27', 31, 0);
INSERT OR REPLACE INTO user_analytics (id, user_id, date, views, downloads) VALUES ('69a13ffd0cd53dfc2702d240', '6999f1a6335e35fbefd6dd9f', '2026-02-27', 26, 0);
INSERT OR REPLACE INTO user_analytics (id, user_id, date, views, downloads) VALUES ('69a2a99ba786775e490edd40', '6999f5c97fd0a3284057c63d', '2026-02-28', 7, 1);
INSERT OR REPLACE INTO user_analytics (id, user_id, date, views, downloads) VALUES ('69a112350628197c56082430', '699a063a4e77e5813c143ae9', '2026-02-27', 33, 0);
INSERT OR REPLACE INTO user_analytics (id, user_id, date, views, downloads) VALUES ('69a190365830888ba50a17d1', '6999fe84ad6b48a9d9b2a766', '2026-02-27', 37, 0);
INSERT OR REPLACE INTO user_analytics (id, user_id, date, views, downloads) VALUES ('69a0f2f7ba732090840cbe70', '699b4b860c69efac7842364f', '2026-02-27', 118, 3);
INSERT OR REPLACE INTO user_analytics (id, user_id, date, views, downloads) VALUES ('69a3f47a57f6a3d3180b4910', '6999fc77ad89c11a7aa8b053', '2026-03-01', 1, 0);
INSERT OR REPLACE INTO user_analytics (id, user_id, date, views, downloads) VALUES ('69a3f4d057f6a3d3180b4911', '699b41fb343a35a525f5c033', '2026-03-01', 2, 0);
INSERT OR REPLACE INTO user_analytics (id, user_id, date, views, downloads) VALUES ('69a406ee5c4638348d071930', '6999f5c97fd0a3284057c63d', '2026-03-01', 1, 0);
INSERT OR REPLACE INTO user_analytics (id, user_id, date, views, downloads) VALUES ('69a5474cc3784ff4ea0dabc0', '6999fc77ad89c11a7aa8b053', '2026-03-02', 8, 0);
INSERT OR REPLACE INTO user_analytics (id, user_id, date, views, downloads) VALUES ('69a3e01577d68c7b5c0192c0', '6999fe84ad6b48a9d9b2a766', '2026-03-01', 2, 2);
INSERT OR REPLACE INTO user_analytics (id, user_id, date, views, downloads) VALUES ('69a413aa993746395c002140', '6999f9d3ad6b48a9d9b2a70c', '2026-03-01', 1, 0);
INSERT OR REPLACE INTO user_analytics (id, user_id, date, views, downloads) VALUES ('69a5411bc7f2e7f90a003560', '699c8264f81f72bb6648c4cc', '2026-03-02', 6, 0);
INSERT OR REPLACE INTO user_analytics (id, user_id, date, views, downloads) VALUES ('69a64d9d205365fe530fb4a0', '69a59b7149a8325ae36b3132', '2026-03-03', 12, 0);
INSERT OR REPLACE INTO user_analytics (id, user_id, date, views, downloads) VALUES ('69a5dcf1904c9a53fc0fea80', '6999f1a6335e35fbefd6dd9f', '2026-03-02', 1, 0);
INSERT OR REPLACE INTO user_analytics (id, user_id, date, views, downloads) VALUES ('69a6be62bbe4bf4c8f048500', '6999fe84ad6b48a9d9b2a766', '2026-03-03', 2, 0);
INSERT OR REPLACE INTO user_analytics (id, user_id, date, views, downloads) VALUES ('69ac4db25ca890324b0ea370', '6999fc77ad89c11a7aa8b053', '2026-03-07', 1, 0);
INSERT OR REPLACE INTO user_analytics (id, user_id, date, views, downloads) VALUES ('69aa85116cbb3e3bfb0737b0', '699c8264f81f72bb6648c4cc', '2026-03-06', 5, 0);
INSERT OR REPLACE INTO user_analytics (id, user_id, date, views, downloads) VALUES ('69aef36e72ef44364b052190', '699b41fb343a35a525f5c033', '2026-03-09', 1, 0);
INSERT OR REPLACE INTO user_analytics (id, user_id, date, views, downloads) VALUES ('69abdf2362d472dabb07bce0', '6999f1a6335e35fbefd6dd9f', '2026-03-07', 89, 5);
INSERT OR REPLACE INTO user_analytics (id, user_id, date, views, downloads) VALUES ('69afa0ec20345e2bde0a55f0', '699c8264f81f72bb6648c4cc', '2026-03-10', 1, 0);
INSERT OR REPLACE INTO user_analytics (id, user_id, date, views, downloads) VALUES ('69acfb037f7338a327055a30', '6999f1a6335e35fbefd6dd9f', '2026-03-08', 7, 3);
INSERT OR REPLACE INTO user_analytics (id, user_id, date, views, downloads) VALUES ('69a8dfab3af72e8441091990', '699a063a4e77e5813c143ae9', '2026-03-05', 10, 1);
INSERT OR REPLACE INTO user_analytics (id, user_id, date, views, downloads) VALUES ('69a7b589316a658c89069120', '69a59b7149a8325ae36b3132', '2026-03-04', 4, 0);
INSERT OR REPLACE INTO user_analytics (id, user_id, date, views, downloads) VALUES ('69ae3c8b56b13c2060012c00', '699c8264f81f72bb6648c4cc', '2026-03-09', 2, 0);
INSERT OR REPLACE INTO user_analytics (id, user_id, date, views, downloads) VALUES ('69aa88b9a27a72aa9806e890', '699b41fb343a35a525f5c033', '2026-03-06', 7, 0);
INSERT OR REPLACE INTO user_analytics (id, user_id, date, views, downloads) VALUES ('69a7dab314ce14af040b77b1', '699c8264f81f72bb6648c4cc', '2026-03-04', 1, 0);
INSERT OR REPLACE INTO user_analytics (id, user_id, date, views, downloads) VALUES ('69a7dab314ce14af040b77b0', '6999fc77ad89c11a7aa8b053', '2026-03-04', 2, 0);
INSERT OR REPLACE INTO user_analytics (id, user_id, date, views, downloads) VALUES ('69ac5dcc1ef6a5e25c089770', '69a5b515c402cb76b4590931', '2026-03-07', 1, 0);
INSERT OR REPLACE INTO user_analytics (id, user_id, date, views, downloads) VALUES ('69ac6856e790b3bf93099cc0', '6999f5c97fd0a3284057c63d', '2026-03-07', 1, 0);
INSERT OR REPLACE INTO user_analytics (id, user_id, date, views, downloads) VALUES ('69a7dab837ad6b822600e920', '6999fe84ad6b48a9d9b2a766', '2026-03-04', 2, 0);
INSERT OR REPLACE INTO user_analytics (id, user_id, date, views, downloads) VALUES ('69a7dab527850ed0d10c9680', '6999f9d3ad6b48a9d9b2a70c', '2026-03-04', 2, 0);
INSERT OR REPLACE INTO user_analytics (id, user_id, date, views, downloads) VALUES ('69a7e808a4ef0384bb00af00', '6999f5c97fd0a3284057c63d', '2026-03-04', 6, 0);
INSERT OR REPLACE INTO user_analytics (id, user_id, date, views, downloads) VALUES ('69aab265eec44fa80f0eca40', '6999fe84ad6b48a9d9b2a766', '2026-03-06', 14, 1);
INSERT OR REPLACE INTO user_analytics (id, user_id, date, views, downloads) VALUES ('69ab85f8fe4b188f8401af10', '699b4b860c69efac7842364f', '2026-03-07', 77, 3);
INSERT OR REPLACE INTO user_analytics (id, user_id, date, views, downloads) VALUES ('69ae14806c99aa21e7061960', '6999f5c97fd0a3284057c63d', '2026-03-09', 7, 1);
INSERT OR REPLACE INTO user_analytics (id, user_id, date, views, downloads) VALUES ('69aae8075344329e420d8e81', '69a5b515c402cb76b4590931', '2026-03-06', 13, 0);
INSERT OR REPLACE INTO user_analytics (id, user_id, date, views, downloads) VALUES ('69a781aec9134bbf91061660', '699b4b860c69efac7842364f', '2026-03-04', 40, 0);
INSERT OR REPLACE INTO user_analytics (id, user_id, date, views, downloads) VALUES ('69a7cd62e67a765334091760', '699a063a4e77e5813c143ae9', '2026-03-04', 9, 1);
INSERT OR REPLACE INTO user_analytics (id, user_id, date, views, downloads) VALUES ('69a7daba37ad6b822600e921', '6999f1a6335e35fbefd6dd9f', '2026-03-04', 5, 0);
INSERT OR REPLACE INTO user_analytics (id, user_id, date, views, downloads) VALUES ('69aa1b04b1279d6a9a0f4440', '699b4b860c69efac7842364f', '2026-03-06', 54, 0);
INSERT OR REPLACE INTO user_analytics (id, user_id, date, views, downloads) VALUES ('69aa2a81c6802bf0dc0442e0', '6999f1a6335e35fbefd6dd9f', '2026-03-06', 5, 1);
INSERT OR REPLACE INTO user_analytics (id, user_id, date, views, downloads) VALUES ('69ae9a2168f59496860d9960', '6999fc77ad89c11a7aa8b053', '2026-03-09', 5, 0);
INSERT OR REPLACE INTO user_analytics (id, user_id, date, views, downloads) VALUES ('69acf7fc86a87f184e088620', '6999fc77ad89c11a7aa8b053', '2026-03-08', 2, 0);
INSERT OR REPLACE INTO user_analytics (id, user_id, date, views, downloads) VALUES ('69a91cad934f419782069c21', '69a59b7149a8325ae36b3132', '2026-03-05', 1, 0);
INSERT OR REPLACE INTO user_analytics (id, user_id, date, views, downloads) VALUES ('69acf90b86a87f184e088621', '69a5b515c402cb76b4590931', '2026-03-08', 6, 0);
INSERT OR REPLACE INTO user_analytics (id, user_id, date, views, downloads) VALUES ('69acfbcd86a87f184e088622', '699b41fb343a35a525f5c033', '2026-03-08', 7, 1);
INSERT OR REPLACE INTO user_analytics (id, user_id, date, views, downloads) VALUES ('69a9c8764ed55de1800bacd0', '6999f9d3ad6b48a9d9b2a70c', '2026-03-05', 3, 1);
INSERT OR REPLACE INTO user_analytics (id, user_id, date, views, downloads) VALUES ('69ad852fb0b96859df03cea1', '699a063a4e77e5813c143ae9', '2026-03-08', 2, 0);
INSERT OR REPLACE INTO user_analytics (id, user_id, date, views, downloads) VALUES ('69a8e228ea9db9a5870e77b0', '699b4b860c69efac7842364f', '2026-03-05', 54, 0);
INSERT OR REPLACE INTO user_analytics (id, user_id, date, views, downloads) VALUES ('69a91d054e929c1cc20ca2c0', '699b41fb343a35a525f5c033', '2026-03-05', 8, 0);
INSERT OR REPLACE INTO user_analytics (id, user_id, date, views, downloads) VALUES ('69a95d505bbbbd39c00dca00', '6999f5c97fd0a3284057c63d', '2026-03-05', 6, 0);
INSERT OR REPLACE INTO user_analytics (id, user_id, date, views, downloads) VALUES ('69ab8800ce7c1ca55604e060', '6999fe84ad6b48a9d9b2a766', '2026-03-07', 4, 0);
INSERT OR REPLACE INTO user_analytics (id, user_id, date, views, downloads) VALUES ('69aae7015344329e420d8e80', '69a59b7149a8325ae36b3132', '2026-03-06', 6, 0);
INSERT OR REPLACE INTO user_analytics (id, user_id, date, views, downloads) VALUES ('69a90ca2eeb16439f402e4e0', '6999fe84ad6b48a9d9b2a766', '2026-03-05', 7, 4);
INSERT OR REPLACE INTO user_analytics (id, user_id, date, views, downloads) VALUES ('69a91ba3934f419782069c20', '6999f1a6335e35fbefd6dd9f', '2026-03-05', 12, 0);
INSERT OR REPLACE INTO user_analytics (id, user_id, date, views, downloads) VALUES ('69ab8a0ba5f53228a00377f0', '699b41fb343a35a525f5c033', '2026-03-07', 8, 0);
INSERT OR REPLACE INTO user_analytics (id, user_id, date, views, downloads) VALUES ('69ace417c666572eb1023b30', '6999fe84ad6b48a9d9b2a766', '2026-03-08', 6, 1);
INSERT OR REPLACE INTO user_analytics (id, user_id, date, views, downloads) VALUES ('69ad6ca400b8632def05b530', '699c8264f81f72bb6648c4cc', '2026-03-08', 2, 0);
INSERT OR REPLACE INTO user_analytics (id, user_id, date, views, downloads) VALUES ('69acd708fb30c10d42027b60', '699b4b860c69efac7842364f', '2026-03-08', 138, 2);
INSERT OR REPLACE INTO user_analytics (id, user_id, date, views, downloads) VALUES ('69aa6b81b65ee8829c0850c0', '6999f9d3ad6b48a9d9b2a70c', '2026-03-06', 1, 0);
INSERT OR REPLACE INTO user_analytics (id, user_id, date, views, downloads) VALUES ('69abca6f10793ae538055280', '699a063a4e77e5813c143ae9', '2026-03-07', 9, 0);
INSERT OR REPLACE INTO user_analytics (id, user_id, date, views, downloads) VALUES ('69aa5a54e5300c7e280cde90', '699a063a4e77e5813c143ae9', '2026-03-06', 6, 1);
INSERT OR REPLACE INTO user_analytics (id, user_id, date, views, downloads) VALUES ('69ac04a4d88cc97d69039760', '699c8264f81f72bb6648c4cc', '2026-03-07', 2, 0);
INSERT OR REPLACE INTO user_analytics (id, user_id, date, views, downloads) VALUES ('69ad85e75d4fcd23780f2cb0', '6999f9d3ad6b48a9d9b2a70c', '2026-03-08', 1, 0);
INSERT OR REPLACE INTO user_analytics (id, user_id, date, views, downloads) VALUES ('69b0f48807b8beda970c16f0', '6999f9d3ad6b48a9d9b2a70c', '2026-03-11', 1, 0);
INSERT OR REPLACE INTO user_analytics (id, user_id, date, views, downloads) VALUES ('69b13963fe7e980eb5040200', '6999f1a6335e35fbefd6dd9f', '2026-03-11', 2, 0);
INSERT OR REPLACE INTO user_analytics (id, user_id, date, views, downloads) VALUES ('69b107d03e4ac0ab64009760', '699c8264f81f72bb6648c4cc', '2026-03-11', 3, 0);
INSERT OR REPLACE INTO user_analytics (id, user_id, date, views, downloads) VALUES ('69b181cc9b90efd62c0869c0', '6999f5c97fd0a3284057c63d', '2026-03-11', 1, 0);
INSERT OR REPLACE INTO user_analytics (id, user_id, date, views, downloads) VALUES ('69aea42afd35b7bff6024910', '6999f1a6335e35fbefd6dd9f', '2026-03-09', 6, 0);
INSERT OR REPLACE INTO user_analytics (id, user_id, date, views, downloads) VALUES ('69ae3c8ac433bdaf3f050870', '6999fe84ad6b48a9d9b2a766', '2026-03-09', 6, 0);
INSERT OR REPLACE INTO user_analytics (id, user_id, date, views, downloads) VALUES ('69b11c49888dc6ec2101a170', '6999fe84ad6b48a9d9b2a766', '2026-03-11', 7, 1);
INSERT OR REPLACE INTO user_analytics (id, user_id, date, views, downloads) VALUES ('69b10dcb4196e95bc400bfd0', '699a063a4e77e5813c143ae9', '2026-03-11', 8, 1);
INSERT OR REPLACE INTO user_analytics (id, user_id, date, views, downloads) VALUES ('69afcd0020345e2bde0a55f1', '6999fc77ad89c11a7aa8b053', '2026-03-10', 6, 0);
INSERT OR REPLACE INTO user_analytics (id, user_id, date, views, downloads) VALUES ('69b1d46cae297d3658063a00', '69a5b515c402cb76b4590931', '2026-03-11', 1, 0);
INSERT OR REPLACE INTO user_analytics (id, user_id, date, views, downloads) VALUES ('69aed4648407f9e0ca0903d0', '69a5b515c402cb76b4590931', '2026-03-09', 4, 0);
INSERT OR REPLACE INTO user_analytics (id, user_id, date, views, downloads) VALUES ('69b0b88094a03c9e020e3410', '699b4b860c69efac7842364f', '2026-03-11', 17, 1);
INSERT OR REPLACE INTO user_analytics (id, user_id, date, views, downloads) VALUES ('69b05619923a12001c073320', '69a59b7149a8325ae36b3132', '2026-03-10', 1, 0);
INSERT OR REPLACE INTO user_analytics (id, user_id, date, views, downloads) VALUES ('69b2042ef42040f18f016580', '6999fe84ad6b48a9d9b2a766', '2026-03-12', 3, 0);
INSERT OR REPLACE INTO user_analytics (id, user_id, date, views, downloads) VALUES ('69ae1ea3905416d6dc0cf090', '699b4b860c69efac7842364f', '2026-03-09', 130, 0);
INSERT OR REPLACE INTO user_analytics (id, user_id, date, views, downloads) VALUES ('69ae3b93214350bc35064550', '699a063a4e77e5813c143ae9', '2026-03-09', 11, 0);
INSERT OR REPLACE INTO user_analytics (id, user_id, date, views, downloads) VALUES ('69b22645fbb198f3d1032b40', '699a063a4e77e5813c143ae9', '2026-03-12', 3, 0);
INSERT OR REPLACE INTO user_analytics (id, user_id, date, views, downloads) VALUES ('69b2086e0632e5223100d910', '699b4b860c69efac7842364f', '2026-03-12', 10, 0);
INSERT OR REPLACE INTO user_analytics (id, user_id, date, views, downloads) VALUES ('69b24e0875c30b02a90664e0', '69a5b515c402cb76b4590931', '2026-03-12', 2, 0);
INSERT OR REPLACE INTO user_analytics (id, user_id, date, views, downloads) VALUES ('69af981e4c3e91517c0cd3e0', '6999f5c97fd0a3284057c63d', '2026-03-10', 12, 0);
INSERT OR REPLACE INTO user_analytics (id, user_id, date, views, downloads) VALUES ('69af87e88cc2c232b003d871', '699a063a4e77e5813c143ae9', '2026-03-10', 15, 1);
INSERT OR REPLACE INTO user_analytics (id, user_id, date, views, downloads) VALUES ('69af873e8cc2c232b003d870', '699b4b860c69efac7842364f', '2026-03-10', 36, 0);
INSERT OR REPLACE INTO user_analytics (id, user_id, date, views, downloads) VALUES ('69af7cb1874df67a6a080310', '6999fe84ad6b48a9d9b2a766', '2026-03-10', 2, 0);
INSERT OR REPLACE INTO user_analytics (id, user_id, date, views, downloads) VALUES ('69af68d9aa527dbeb50be560', '6999f1a6335e35fbefd6dd9f', '2026-03-10', 12, 0);
INSERT OR REPLACE INTO site_analytics (id, path, date, views) VALUES ('69a0109d52f4552bd008f6e1', '/login', '2026-02-26', 1);
INSERT OR REPLACE INTO site_analytics (id, path, date, views) VALUES ('69a0123b52f4552bd008f6e3', '/search', '2026-02-26', 1);
INSERT OR REPLACE INTO site_analytics (id, path, date, views) VALUES ('69a010c652f4552bd008f6e2', '/admin', '2026-02-26', 3);
INSERT OR REPLACE INTO site_analytics (id, path, date, views) VALUES ('69a00e5752f4552bd008f6e0', '/', '2026-02-26', 10);
INSERT OR REPLACE INTO note_reviews (id, note_id, user_id, rating, comment, parent_review_id, created_at) VALUES ('699d7b4a80c0242afe9aad64', '699d79bec2f7a122b459d027', '699b4b860c69efac7842364f', 5, 'lets discuss here', NULL, 1771928394);
INSERT OR REPLACE INTO note_reviews (id, note_id, user_id, rating, comment, parent_review_id, created_at) VALUES ('699b013d0e58cbe0ce804c75', '6999f2d717c7cbd260f6cf54', '699a063a4e77e5813c143ae9', 5, 'good', NULL, 1771766077);
INSERT OR REPLACE INTO note_reviews (id, note_id, user_id, rating, comment, parent_review_id, created_at) VALUES ('699b7446a7f759fc6e2122b2', '699b73d92aa3775bfa3390bf', '699a063a4e77e5813c143ae9', 5, 'Thanks', NULL, 1771795526);
INSERT OR REPLACE INTO note_reviews (id, note_id, user_id, rating, comment, parent_review_id, created_at) VALUES ('69ad6d38dedd74f570d7f6d9', '699b73d92aa3775bfa3390bf', '699b4b860c69efac7842364f', 0, '@Aadi Wrld  welcome ', '699b7446a7f759fc6e2122b2', 1772973368);
INSERT OR REPLACE INTO note_reviews (id, note_id, user_id, rating, comment, parent_review_id, created_at) VALUES ('699cb5dcb99e3a6bfa3759a2', '699b71b62aa3775bfa33906b', '6999fe84ad6b48a9d9b2a766', 5, 'good', NULL, 1771877852);
INSERT OR REPLACE INTO note_reviews (id, note_id, user_id, rating, comment, parent_review_id, created_at) VALUES ('699eb07e7602ecabcf4a3608', '699b71b62aa3775bfa33906b', '699b4b860c69efac7842364f', 0, '@Aakriti Gupta thanku', '699cb5dcb99e3a6bfa3759a2', 1772007550);
INSERT OR REPLACE INTO note_reviews (id, note_id, user_id, rating, comment, parent_review_id, created_at) VALUES ('69a037a8332549419c9d70f0', '699b71b62aa3775bfa33906b', '699a063a4e77e5813c143ae9', 5, 'good notes', NULL, 1772107688);
INSERT OR REPLACE INTO note_reviews (id, note_id, user_id, rating, comment, parent_review_id, created_at) VALUES ('69a037d7332549419c9d7144', '699b71b62aa3775bfa33906b', '699b4b860c69efac7842364f', 0, '@Aadi Wrld  thanku admin', '69a037a8332549419c9d70f0', 1772107735);
INSERT OR REPLACE INTO note_reviews (id, note_id, user_id, rating, comment, parent_review_id, created_at) VALUES ('699b76052aa3775bfa339110', '699b71402aa3775bfa33905b', '6999f1a6335e35fbefd6dd9f', 5, 'Finally someone uploaded,I wanted these', NULL, 1771795973);
INSERT OR REPLACE INTO note_reviews (id, note_id, user_id, rating, comment, parent_review_id, created_at) VALUES ('69a034820d0c019f48606d31', '699da68b78eaac079f8b78b4', '699a063a4e77e5813c143ae9', 5, 'great notes👌', NULL, 1772106882);
INSERT OR REPLACE INTO note_reviews (id, note_id, user_id, rating, comment, parent_review_id, created_at) VALUES ('69a034ea0d0c019f48606da3', '699da68b78eaac079f8b78b4', '699b4b860c69efac7842364f', 0, '@Aadi Wrld thanku', '69a034820d0c019f48606d31', 1772106986);
INSERT OR REPLACE INTO blog_reviews (id, blog_id, user_id, rating, comment, parent_review_id, created_at) VALUES ('69a5a0c620b0b598f0c7bbd7', '699c629716b773e29d6b3c23', '69a59b7149a8325ae36b3132', 5, 'Good', NULL, 1772462278);
INSERT OR REPLACE INTO blog_reviews (id, blog_id, user_id, rating, comment, parent_review_id, created_at) VALUES ('69a64dadfe4b354e2abcd00a', '69a5a05f282de1b056088bec', '69a5b515c402cb76b4590931', 5, 'Very good ', NULL, 1772506541);
INSERT OR REPLACE INTO blog_reviews (id, blog_id, user_id, rating, comment, parent_review_id, created_at) VALUES ('69a03838332549419c9d719d', '699c8c661a85946d89a3567a', '699a063a4e77e5813c143ae9', 5, 'great', NULL, 1772107832);
INSERT OR REPLACE INTO blog_reviews (id, blog_id, user_id, rating, comment, parent_review_id, created_at) VALUES ('699a0980775428288ef6eace', '699a081a7e073b488274cd44', '6999fc77ad89c11a7aa8b053', 5, 'Thank u for posting on over platform and about over platform❤️', NULL, 1771702656);
INSERT OR REPLACE INTO blog_reviews (id, blog_id, user_id, rating, comment, parent_review_id, created_at) VALUES ('69a0387b332549419c9d71f7', '699c44302b327d00658ce618', '699a063a4e77e5813c143ae9', 5, 'what a explanation', NULL, 1772107899);
INSERT OR REPLACE INTO blog_reviews (id, blog_id, user_id, rating, comment, parent_review_id, created_at) VALUES ('699b74e055a90fda2e4033d1', '699b6fa72500372ae8a82179', '699b41fb343a35a525f5c033', 5, 'Great 👍', NULL, 1771795680);
INSERT OR REPLACE INTO blog_reviews (id, blog_id, user_id, rating, comment, parent_review_id, created_at) VALUES ('699b7514b7ffe792119da139', '699b48c02950fbf8ade19b30', '699b41fb343a35a525f5c033', 5, 'Finally someone talking about this', NULL, 1771795732);
INSERT OR REPLACE INTO blog_reviews (id, blog_id, user_id, rating, comment, parent_review_id, created_at) VALUES ('69aae82fe7699795b9cf19ff', '69aae80246c064409b7f7e85', '69a5b515c402cb76b4590931', 5, 'Good', NULL, 1772808239);
INSERT OR REPLACE INTO blog_reviews (id, blog_id, user_id, rating, comment, parent_review_id, created_at) VALUES ('699eaea07602ecabcf4a3595', '699c657b16b773e29d6b3c4d', '699b4b860c69efac7842364f', 5, 'good', NULL, 1772007072);
INSERT OR REPLACE INTO blog_reviews (id, blog_id, user_id, rating, comment, parent_review_id, created_at) VALUES ('699eaee8e8c17cee6e4c77ad', '699c657b16b773e29d6b3c4d', '699a063a4e77e5813c143ae9', 0, '@Aditya Choudhary thanku to visit your platform', '699eaea07602ecabcf4a3595', 1772007144);
INSERT OR REPLACE INTO blog_reviews (id, blog_id, user_id, rating, comment, parent_review_id, created_at) VALUES ('699eaf724ef58a611d7a1ebd', '699c657b16b773e29d6b3c4d', '699b4b860c69efac7842364f', 0, '@Aadi Wrld welcome', '699eaea07602ecabcf4a3595', 1772007282);
INSERT OR REPLACE INTO reports (id, reporter_id, target_note_id, target_bundle_id, reason, details, status, created_at, updated_at) VALUES ('69ae6168183fdd49c029202c', '6999f1a6335e35fbefd6dd9f', NULL, NULL, 'Spam', 'fraud', 'resolved', 1773035880, 1773048858);
INSERT OR REPLACE INTO user_bookmarks (user_id, note_id, created_at) VALUES ('699a063a4e77e5813c143ae9', '699b73d92aa3775bfa3390bf', 1773211776);
INSERT OR REPLACE INTO user_bookmarks (user_id, note_id, created_at) VALUES ('69a59b7149a8325ae36b3132', '699da68b78eaac079f8b78b4', 1772808068);
INSERT OR REPLACE INTO user_bookmarks (user_id, note_id, created_at) VALUES ('6999f9d3ad6b48a9d9b2a70c', '699d79bec2f7a122b459d027', 1773074868);
INSERT OR REPLACE INTO user_bookmarks (user_id, note_id, created_at) VALUES ('699b4b860c69efac7842364f', '69aeeeab2067360e950e05a3', 1773255062);
INSERT OR REPLACE INTO user_bookmarks (user_id, note_id, created_at) VALUES ('699b4b860c69efac7842364f', '6999f2d717c7cbd260f6cf54', 1773255062);
INSERT OR REPLACE INTO user_follows (follower_id, following_id, created_at) VALUES ('69a91c49023a20501dab0101', '6999f1a6335e35fbefd6dd9f', 1772871081);
INSERT OR REPLACE INTO user_follows (follower_id, following_id, created_at) VALUES ('69a91c49023a20501dab0101', '6999fe84ad6b48a9d9b2a766', 1772871081);
INSERT OR REPLACE INTO user_follows (follower_id, following_id, created_at) VALUES ('699a063a4e77e5813c143ae9', '699b4b860c69efac7842364f', 1773211776);
INSERT OR REPLACE INTO user_follows (follower_id, following_id, created_at) VALUES ('699a063a4e77e5813c143ae9', '69a59b7149a8325ae36b3132', 1773211776);
INSERT OR REPLACE INTO user_follows (follower_id, following_id, created_at) VALUES ('69a59b7149a8325ae36b3132', '699b4b860c69efac7842364f', 1772808068);
INSERT OR REPLACE INTO user_follows (follower_id, following_id, created_at) VALUES ('699b4b860c69efac7842364f', '6999fe84ad6b48a9d9b2a766', 1773255062);
INSERT OR REPLACE INTO user_follows (follower_id, following_id, created_at) VALUES ('699b4b860c69efac7842364f', '6999f1a6335e35fbefd6dd9f', 1773255062);
INSERT OR REPLACE INTO user_follows (follower_id, following_id, created_at) VALUES ('699b4b860c69efac7842364f', '699a063a4e77e5813c143ae9', 1773255062);
INSERT OR REPLACE INTO user_follows (follower_id, following_id, created_at) VALUES ('6999f1a6335e35fbefd6dd9f', '699b4b860c69efac7842364f', 1773138787);
INSERT OR REPLACE INTO user_follows (follower_id, following_id, created_at) VALUES ('699b41fb343a35a525f5c033', '699b4b860c69efac7842364f', 1772972716);
INSERT OR REPLACE INTO user_follows (follower_id, following_id, created_at) VALUES ('699c8264f81f72bb6648c4cc', '699b4b860c69efac7842364f', 1772467051);
INSERT OR REPLACE INTO user_follows (follower_id, following_id, created_at) VALUES ('69a5b515c402cb76b4590931', '699b4b860c69efac7842364f', 1773190312);
INSERT OR REPLACE INTO user_follows (follower_id, following_id, created_at) VALUES ('6999fe84ad6b48a9d9b2a766', '6999f9d3ad6b48a9d9b2a70c', 1773244585);
INSERT OR REPLACE INTO user_follows (follower_id, following_id, created_at) VALUES ('6999fe84ad6b48a9d9b2a766', '699b4b860c69efac7842364f', 1773244585);
INSERT OR REPLACE INTO user_follows (follower_id, following_id, created_at) VALUES ('6999fe84ad6b48a9d9b2a766', '69a91c49023a20501dab0101', 1773244585);
INSERT OR REPLACE INTO collection_notes (collection_id, note_id, added_at) VALUES ('699c1b928c84946ef0e42ff1', '69aeea8d700f0c82435e5c68', 1773072235);
INSERT OR REPLACE INTO collection_notes (collection_id, note_id, added_at) VALUES ('699c1b928c84946ef0e42ff1', '69aeea49f31e9a042694475b', 1773072235);
INSERT OR REPLACE INTO collection_notes (collection_id, note_id, added_at) VALUES ('699c1b928c84946ef0e42ff1', '69aeea03700f0c82435e5c38', 1773072235);
INSERT OR REPLACE INTO collection_notes (collection_id, note_id, added_at) VALUES ('699c1b928c84946ef0e42ff1', '69aee95f2d6f1c9356d31dac', 1773072235);
INSERT OR REPLACE INTO collection_notes (collection_id, note_id, added_at) VALUES ('699c1b928c84946ef0e42ff1', '69aee9b9dc3ea113a1182b56', 1773072235);
INSERT OR REPLACE INTO collection_notes (collection_id, note_id, added_at) VALUES ('69ae4c577d27c91ef9e850aa', '699d79bec2f7a122b459d027', 1773072922);
INSERT OR REPLACE INTO collection_notes (collection_id, note_id, added_at) VALUES ('69ae4c577d27c91ef9e850aa', '699da68b78eaac079f8b78b4', 1773072922);
INSERT OR REPLACE INTO collection_notes (collection_id, note_id, added_at) VALUES ('699b75e13723dd209365a130', '699b71402aa3775bfa33905b', 1773073323);
INSERT OR REPLACE INTO collection_notes (collection_id, note_id, added_at) VALUES ('699b75e13723dd209365a130', '69aeeeab2067360e950e05a3', 1773073323);
INSERT OR REPLACE INTO collection_notes (collection_id, note_id, added_at) VALUES ('699b75e13723dd209365a130', '69aeee4173c58d48f694df7b', 1773073323);
INSERT OR REPLACE INTO collection_notes (collection_id, note_id, added_at) VALUES ('699b75e13723dd209365a130', '69aeedf9b3996ea0b0476da5', 1773073323);
INSERT OR REPLACE INTO collection_notes (collection_id, note_id, added_at) VALUES ('699b75e13723dd209365a130', '69aeed89dc3ea113a1182bc3', 1773073323);
INSERT OR REPLACE INTO collection_notes (collection_id, note_id, added_at) VALUES ('699b75e13723dd209365a130', '699b50cc141be3b3b16cde91', 1773073323);
INSERT OR REPLACE INTO collection_notes (collection_id, note_id, added_at) VALUES ('699b75e13723dd209365a130', '699a038d775428288ef6ea3d', 1773073323);
INSERT OR REPLACE INTO collection_notes (collection_id, note_id, added_at) VALUES ('699b75e13723dd209365a130', '699a035056f7f5e5446c510d', 1773073323);
INSERT OR REPLACE INTO collection_notes (collection_id, note_id, added_at) VALUES ('699ecf7f436e06fca4974eda', '699c4dc9d46db5a80ca99cd4', 1772016551);
INSERT OR REPLACE INTO collection_notes (collection_id, note_id, added_at) VALUES ('699ecf7f436e06fca4974eda', '699c4da9a65f2d80ff15e6fb', 1772016551);
INSERT OR REPLACE INTO collection_notes (collection_id, note_id, added_at) VALUES ('699ecf7f436e06fca4974eda', '699c4d87d13353811267c775', 1772016551);
INSERT OR REPLACE INTO collection_notes (collection_id, note_id, added_at) VALUES ('699ecf7f436e06fca4974eda', '699c4cff1dbb176ce0c0d0f2', 1772016551);
INSERT OR REPLACE INTO conversation_participants (conversation_id, user_id) VALUES ('699b50e96d819ce01caf51e1', '699b41fb343a35a525f5c033');
INSERT OR REPLACE INTO conversation_participants (conversation_id, user_id) VALUES ('699b50e96d819ce01caf51e1', '6999f5c97fd0a3284057c63d');
INSERT OR REPLACE INTO conversation_participants (conversation_id, user_id) VALUES ('69a5a34e646231ba54b603bd', '69a59b7149a8325ae36b3132');
INSERT OR REPLACE INTO conversation_participants (conversation_id, user_id) VALUES ('69a5a34e646231ba54b603bd', '699b4b860c69efac7842364f');
INSERT OR REPLACE INTO conversation_participants (conversation_id, user_id) VALUES ('69a6dfe7c101c47e50604db9', '69a5b515c402cb76b4590931');
INSERT OR REPLACE INTO conversation_participants (conversation_id, user_id) VALUES ('69a6dfe7c101c47e50604db9', '699b4b860c69efac7842364f');
INSERT OR REPLACE INTO message_reads (message_id, user_id, read_at) VALUES ('69a5b34f21feff55afaaaf8f', '69a59b7149a8325ae36b3132', 1772467097);
INSERT OR REPLACE INTO message_reads (message_id, user_id, read_at) VALUES ('69a5b34f21feff55afaaaf8f', '699b4b860c69efac7842364f', 1772467097);
INSERT OR REPLACE INTO message_reads (message_id, user_id, read_at) VALUES ('69a5b3a09bdba597fcbfb8f6', '699b4b860c69efac7842364f', 1772467105);
INSERT OR REPLACE INTO message_reads (message_id, user_id, read_at) VALUES ('69a5b3a09bdba597fcbfb8f6', '69a59b7149a8325ae36b3132', 1772467105);
INSERT OR REPLACE INTO message_reads (message_id, user_id, read_at) VALUES ('69a5b3ad9bdba597fcbfb8fd', '69a59b7149a8325ae36b3132', 1772467118);
INSERT OR REPLACE INTO message_reads (message_id, user_id, read_at) VALUES ('69a5b3ad9bdba597fcbfb8fd', '699b4b860c69efac7842364f', 1772467118);
INSERT OR REPLACE INTO message_reads (message_id, user_id, read_at) VALUES ('69a5b3b49bdba597fcbfb902', '699b4b860c69efac7842364f', 1772467125);
INSERT OR REPLACE INTO message_reads (message_id, user_id, read_at) VALUES ('69a5b3b49bdba597fcbfb902', '69a59b7149a8325ae36b3132', 1772467125);
INSERT OR REPLACE INTO message_reads (message_id, user_id, read_at) VALUES ('69a5b3cf9bdba597fcbfb908', '69a59b7149a8325ae36b3132', 1772467152);
INSERT OR REPLACE INTO message_reads (message_id, user_id, read_at) VALUES ('69a5b3cf9bdba597fcbfb908', '699b4b860c69efac7842364f', 1772467152);
INSERT OR REPLACE INTO message_reads (message_id, user_id, read_at) VALUES ('69a5b3e89bdba597fcbfb916', '69a59b7149a8325ae36b3132', 1772467181);
INSERT OR REPLACE INTO message_reads (message_id, user_id, read_at) VALUES ('69a5b3e89bdba597fcbfb916', '699b4b860c69efac7842364f', 1772467181);
INSERT OR REPLACE INTO message_reads (message_id, user_id, read_at) VALUES ('69a5ba172e9208281363deff', '69a59b7149a8325ae36b3132', 1772544028);
INSERT OR REPLACE INTO message_reads (message_id, user_id, read_at) VALUES ('69a5ba172e9208281363deff', '699b4b860c69efac7842364f', 1772544028);
INSERT OR REPLACE INTO message_reads (message_id, user_id, read_at) VALUES ('69a6e022c101c47e50604dea', '699b4b860c69efac7842364f', 1772544034);
INSERT OR REPLACE INTO message_reads (message_id, user_id, read_at) VALUES ('69a5b3df9bdba597fcbfb90f', '699b4b860c69efac7842364f', 1772467212);
INSERT OR REPLACE INTO message_reads (message_id, user_id, read_at) VALUES ('69a5b3df9bdba597fcbfb90f', '69a59b7149a8325ae36b3132', 1772467212);
INSERT OR REPLACE INTO message_reads (message_id, user_id, read_at) VALUES ('69a6dfeac101c47e50604dc1', '69a5b515c402cb76b4590931', 1772544042);
INSERT OR REPLACE INTO message_reads (message_id, user_id, read_at) VALUES ('69a6dfeac101c47e50604dc1', '699b4b860c69efac7842364f', 1772544042);
INSERT OR REPLACE INTO message_reads (message_id, user_id, read_at) VALUES ('69a6e0311ec08492c8769f2e', '699b4b860c69efac7842364f', 1772544071);
INSERT OR REPLACE INTO message_reads (message_id, user_id, read_at) VALUES ('69a6e0311ec08492c8769f2e', '69a5b515c402cb76b4590931', 1772544071);
INSERT OR REPLACE INTO message_reads (message_id, user_id, read_at) VALUES ('69a6e04ec101c47e50604e17', '69a5b515c402cb76b4590931', 1772544079);
INSERT OR REPLACE INTO message_reads (message_id, user_id, read_at) VALUES ('69a6e04ec101c47e50604e17', '699b4b860c69efac7842364f', 1772544079);
